,EmployeeID,Name,Age,Department,Salary,JoinDate,City,PerformanceScore,Bonus,Experience,Gender,TenureYears,TCompension,PStatus,Seniority,AttritionRisk,PromotionStatus
0,101,Ali,25.0,4,50000.0,2021-03-15,1,7.5,5000.0,2,1,5,55000.0,Good,Junior,0.0,No Promotion
1,102,Sara,29.0,1,60000.0,2020-07-10,2,8.2,0.0,5,0,6,60000.0,Good,Junior,0.0,Review
2,103,Ahmed,36.0,2,75000.0,2019-01-05,1,9.1,7000.0,6,1,7,82000.0,Excellent,Junior,0.0,Review
3,104,Ayesha,27.0,0,68000.0,2022-05-20,0,8.5,6000.0,3,0,4,74000.0,Good,Junior,0.0,Review
4,105,Usman,31.0,4,52000.0,2018-09-17,1,7.0,0.0,7,1,8,52000.0,Average,Mid,1.0,No Promotion
5,106,Hina,26.0,2,72000.0,2021-11-11,2,8.9,6500.0,3,0,5,78500.0,Good,Junior,0.0,Review
6,107,Ali,25.0,4,50000.0,2021-03-15,1,7.5,5000.0,2,1,5,55000.0,Good,Junior,0.0,No Promotion
7,108,Bilal,35.0,0,80000.0,2017-06-25,1,9.3,8000.0,10,1,9,88000.0,Excellent,Mid,0.0,Promote
8,109,Kiran,28.0,1,61000.0,2020-02-14,2,8.0,5500.0,4,0,6,66500.0,Good,Junior,0.0,Review
9,110,Zara,24.0,2,73000.0,2023-01-01,0,7.8,4000.0,1,0,3,77000.0,Good,Junior,0.0,No Promotion
10,111,Imran,40.0,3,120000.0,2015-04-12,1,9.5,15000.0,15,1,11,135000.0,Excellent,Senior,0.0,Promote
11,112,Noor,22.0,4,45000.0,2022-08-01,3,6.5,3000.0,1,0,4,48000.0,Average,Junior,1.0,No Promotion
12,113,Farhan,30.0,2,73000.0,2019-12-11,2,8.7,0.0,5,1,7,73000.0,Good,Junior,0.0,Review
13,114,Sadia,27.0,0,69000.0,2021-03-30,0,8.4,6000.0,3,0,5,75000.0,Good,Junior,0.0,Review
14,115,Rehman,33.0,4,54000.0,2018-07-22,1,7.2,4500.0,8,1,8,58500.0,Average,Mid,0.99,No Promotion
15,116,Amna,26.0,1,62000.0,2020-11-19,2,8.1,5200.0,3,0,6,67200.0,Good,Junior,0.0,Review
16,117,Tariq,38.0,3,115000.0,2016-01-01,1,9.0,12000.0,12,1,10,127000.0,Excellent,Mid,0.0,Promote
17,118,Laiba,23.0,2,70000.0,2022-09-15,0,7.9,3500.0,1,0,4,73500.0,Good,Junior,0.0,No Promotion
18,119,Hassan,29.0,0,67000.0,2020-06-18,1,8.3,5800.0,4,1,6,72800.0,Good,Junior,0.0,Review
19,120,Areeba,28.0,1,61000.0,2021-01-05,2,8.2,5300.0,3,0,5,66300.0,Good,Junior,0.0,Review
20,121,Ali,26.0,4,51000.0,2021-04-01,1,7.6,5100.0,3,1,5,56100.0,Good,Junior,0.0,No Promotion
21,122,Sara,30.0,1,61000.0,2020-07-10,2,8.3,0.0,6,0,6,61000.0,Good,Junior,0.0,Review
22,123,Ahmed,32.0,2,76000.0,2019-01-05,1,9.0,7100.0,7,1,7,83100.0,Excellent,Mid,0.0,Review
23,124,Ayesha,36.0,0,69000.0,2022-05-20,0,8.6,6100.0,3,0,4,75100.0,Good,Junior,0.0,Review
24,125,Usman,31.0,4,52000.0,2018-09-17,1,7.1,4200.0,7,1,8,56200.0,Average,Mid,1.0,No Promotion
25,126,Hina,27.0,2,73000.0,2021-11-11,2,8.8,0.0,4,0,5,73000.0,Good,Junior,0.0,Review
26,127,Bilal,36.0,0,81000.0,2017-06-25,1,9.4,8200.0,11,1,9,89200.0,Excellent,Mid,0.0,Promote
27,128,Kiran,28.0,1,62000.0,2020-02-14,2,8.1,5600.0,4,0,6,67600.0,Good,Junior,0.0,Review
28,129,Zara,25.0,2,68000.0,2023-01-01,0,7.7,3900.0,2,0,3,71900.0,Good,Junior,0.0,No Promotion
29,251,Ali,31.0,4,56000.0,2021-09-01,1,8.0,5500.0,6,1,5,61500.0,Good,Junior,0.0,Review
30,252,Sara,35.0,1,67000.0,2020-12-01,2,8.8,6300.0,9,0,6,73300.0,Good,Mid,0.0,Review
31,253,Ahmed,37.0,2,85000.0,2019-06-01,1,9.5,7600.0,11,1,7,92600.0,Excellent,Mid,0.0,Promote
32,254,Ayesha,32.0,0,74000.0,2022-10-01,0,9.0,6600.0,6,0,4,80600.0,Excellent,Junior,0.0,Review
33,255,Usman,36.0,4,58000.0,2019-02-01,1,7.6,0.0,12,1,7,58000.0,Good,Mid,0.0,No Promotion
34,256,Hina,31.0,2,78000.0,2022-04-01,2,9.2,7000.0,7,0,4,85000.0,Excellent,Mid,0.0,Review
35,257,Bilal,41.0,0,86000.0,2017-11-01,1,9.9,8700.0,16,1,9,94700.0,Excellent,Senior,0.0,Promote
36,258,Kiran,33.0,1,67000.0,2020-07-01,2,8.6,6100.0,7,0,6,73100.0,Good,Mid,0.0,Review
37,259,Zara,30.0,2,73000.0,2023-06-01,0,8.3,4400.0,4,0,3,77400.0,Good,Junior,0.0,Review
38,260,Imran,46.0,3,126000.0,2015-09-01,1,10.0,17500.0,21,1,11,143500.0,Excellent,Senior,0.0,Promote
39,261,Noor,27.0,4,50000.0,2022-12-01,3,7.0,3500.0,4,0,4,53500.0,Average,Junior,0.99,No Promotion
40,262,Farhan,34.0,2,77000.0,2019-08-01,2,9.0,0.0,8,1,7,77000.0,Excellent,Mid,0.0,Review
41,263,Sadia,31.0,0,73000.0,2021-07-01,0,8.8,6400.0,6,0,5,79400.0,Good,Junior,0.0,Review
42,264,Rehman,38.0,4,59000.0,2018-11-01,1,7.7,5000.0,13,1,8,64000.0,Good,Mid,0.0,No Promotion
43,265,Amna,30.0,1,66000.0,2021-03-01,2,8.6,5700.0,6,0,5,71700.0,Good,Junior,0.0,Review
44,266,Tariq,43.0,3,122500.0,2016-05-01,1,9.5,13000.0,17,1,10,135500.0,Excellent,Senior,0.0,Promote
45,267,Laiba,27.0,2,74000.0,2023-01-01,0,8.4,4000.0,3,0,3,78000.0,Good,Junior,0.0,Review
46,268,Hassan,33.0,0,71000.0,2020-10-01,1,8.7,6300.0,8,1,6,77300.0,Good,Mid,0.0,Review
47,269,Areeba,32.0,1,65000.0,2021-05-01,2,8.6,5800.0,6,0,5,70800.0,Good,Junior,0.0,Review
48,270,Sameer,35.0,4,57000.0,2019-07-01,1,7.8,5200.0,10,1,7,62200.0,Good,Mid,0.0,No Promotion
49,271,Nida,31.0,1,64000.0,2021-11-01,2,8.4,0.0,6,0,5,64000.0,Good,Junior,0.0,Review
50,272,Asad,37.0,2,84000.0,2018-09-01,1,9.6,7900.0,12,1,8,91900.0,Excellent,Mid,0.0,Promote
51,273,Mehak,30.0,0,72000.0,2022-06-01,0,8.7,6400.0,5,0,4,78400.0,Good,Junior,0.0,Review
52,274,Omar,39.0,4,58000.0,2018-03-01,1,7.5,4700.0,14,1,8,62700.0,Good,Mid,0.01,No Promotion
53,275,Sana,28.0,1,73000.0,2023-07-01,2,8.3,4300.0,4,0,3,77300.0,Good,Junior,0.0,Review
54,276,Faisal,41.0,3,123000.0,2017-01-01,1,9.7,14000.0,16,1,9,137000.0,Excellent,Senior,0.0,Promote
55,277,Iqra,29.0,2,75000.0,2023-03-01,0,8.6,4200.0,4,0,3,79200.0,Good,Junior,0.0,Review
56,278,Kamran,34.0,0,73000.0,2019-12-01,1,8.9,6500.0,9,1,7,79500.0,Good,Mid,0.0,Review
57,279,Alina,32.0,1,66000.0,2021-10-01,2,8.5,5600.0,6,0,5,71600.0,Good,Junior,0.0,Review
59,281,Ali,32.0,4,57000.0,2021-10-01,1,8.1,5600.0,7,1,5,62600.0,Good,Mid,0.0,Review
60,282,Sara,36.0,1,68000.0,2021-01-01,2,8.9,6400.0,10,0,5,74400.0,Good,Mid,0.0,Review
61,283,Ahmed,38.0,2,86000.0,2019-07-01,1,9.6,7700.0,12,1,7,93700.0,Excellent,Mid,0.0,Promote
62,284,Ayesha,33.0,0,75000.0,2022-11-01,0,9.1,6700.0,7,0,4,81700.0,Excellent,Mid,0.0,Review
63,285,Usman,37.0,4,59000.0,2019-03-01,1,7.7,0.0,13,1,7,59000.0,Good,Mid,0.0,No Promotion
64,286,Hina,32.0,2,79000.0,2022-05-01,2,9.3,7100.0,8,0,4,86100.0,Excellent,Mid,0.0,Review
65,287,Bilal,42.0,0,87000.0,2018-01-01,1,9.9,8800.0,17,1,8,95800.0,Excellent,Senior,0.0,Promote
66,288,Kiran,34.0,1,68000.0,2020-08-01,2,8.7,6200.0,8,0,6,74200.0,Good,Mid,0.0,Review
67,289,Zara,31.0,2,73000.0,2023-07-01,0,8.4,4500.0,5,0,3,77500.0,Good,Junior,0.0,Review
68,290,Imran,47.0,3,127000.0,2016-01-01,1,10.0,18000.0,22,1,10,145000.0,Excellent,Senior,0.0,Promote
69,291,Noor,28.0,4,51000.0,2023-01-01,3,7.1,3600.0,5,0,3,54600.0,Average,Junior,1.0,No Promotion
70,292,Farhan,35.0,2,78000.0,2019-09-01,2,9.1,0.0,9,1,7,78000.0,Excellent,Mid,0.0,Review
71,293,Sadia,32.0,0,74000.0,2021-08-01,0,8.9,6500.0,7,0,5,80500.0,Good,Mid,0.0,Review
72,294,Rehman,39.0,4,60000.0,2019-01-01,1,7.8,5100.0,14,1,7,65100.0,Good,Mid,0.0,No Promotion
73,295,Amna,31.0,1,67000.0,2021-04-01,2,8.7,5800.0,7,0,5,72800.0,Good,Mid,0.0,Review
74,296,Tariq,44.0,3,123500.0,2016-06-01,1,9.6,13500.0,18,1,10,137000.0,Excellent,Senior,0.0,Promote
75,297,Laiba,28.0,2,75000.0,2023-02-01,0,8.5,4100.0,4,0,3,79100.0,Good,Junior,0.0,Review
76,298,Hassan,34.0,0,72000.0,2020-11-01,1,8.8,6400.0,9,1,6,78400.0,Good,Mid,0.0,Review
77,299,Areeba,33.0,1,66000.0,2021-06-01,2,8.7,5900.0,7,0,5,71900.0,Good,Mid,0.0,Review
78,300,Sameer,36.0,4,58000.0,2019-08-01,1,7.9,5300.0,11,1,7,63300.0,Good,Mid,0.0,No Promotion
79,301,Nida,32.0,1,65000.0,2022-01-01,2,8.5,0.0,7,0,4,65000.0,Good,Mid,0.0,Review
80,302,Asad,38.0,2,85000.0,2018-10-01,1,9.7,8000.0,13,1,8,93000.0,Excellent,Mid,0.0,Promote
81,303,Mehak,31.0,0,73000.0,2022-07-01,0,8.8,6500.0,6,0,4,79500.0,Good,Junior,0.0,Review
82,304,Omar,40.0,4,59000.0,2018-04-01,1,7.6,4800.0,15,1,8,63800.0,Good,Senior,0.01,No Promotion
83,305,Sana,29.0,1,73000.0,2023-08-01,2,8.4,4400.0,4,0,3,77400.0,Good,Junior,0.0,Review
84,306,Faisal,42.0,3,124000.0,2017-02-01,1,9.8,14500.0,17,1,9,138500.0,Excellent,Senior,0.0,Promote
85,307,Iqra,30.0,2,76000.0,2023-04-01,0,8.7,4300.0,5,0,3,80300.0,Good,Junior,0.0,Review
86,308,Kamran,35.0,0,74000.0,2020-01-01,1,9.0,6600.0,10,1,6,80600.0,Excellent,Mid,0.0,Promote
87,309,Alina,33.0,1,67000.0,2021-11-01,2,8.6,5700.0,7,0,5,72700.0,Good,Mid,0.0,Review
89,311,Ali,33.0,4,58000.0,2021-11-01,1,8.2,5700.0,8,1,5,63700.0,Good,Mid,0.0,Review
90,312,Sara,37.0,1,69000.0,2021-02-01,2,9.0,6500.0,11,0,5,75500.0,Excellent,Mid,0.0,Promote
91,313,Ahmed,39.0,2,87000.0,2019-08-01,1,9.7,7800.0,13,1,7,94800.0,Excellent,Mid,0.0,Promote
92,314,Ayesha,34.0,0,76000.0,2022-12-01,0,9.2,6800.0,8,0,4,82800.0,Excellent,Mid,0.0,Review
93,315,Usman,38.0,4,60000.0,2019-04-01,1,7.8,0.0,14,1,7,60000.0,Good,Mid,0.0,No Promotion
94,316,Hina,33.0,2,80000.0,2022-06-01,2,9.4,7200.0,9,0,4,87200.0,Excellent,Mid,0.0,Review
95,317,Bilal,43.0,0,88000.0,2018-02-01,1,10.0,8900.0,18,1,8,96900.0,Excellent,Senior,0.0,Promote
96,318,Kiran,35.0,1,69000.0,2020-09-01,2,8.8,6300.0,9,0,6,75300.0,Good,Mid,0.0,Review
97,319,Zara,32.0,2,72000.0,2023-08-01,0,8.5,4600.0,5,0,3,76600.0,Good,Junior,0.0,Review
98,320,Imran,48.0,3,128000.0,2016-02-01,1,10.0,18500.0,23,1,10,146500.0,Excellent,Senior,0.0,Promote
99,321,Ali,34.0,4,59000.0,2019-10-01,1,8.2,5800.0,9,1,7,64800.0,Good,Mid,0.0,Review
100,322,Sara,38.0,1,70000.0,2021-03-01,2,9.1,6600.0,12,0,5,76600.0,Excellent,Mid,0.0,Promote
101,323,Ahmed,40.0,2,88000.0,2019-09-01,1,9.7,7900.0,14,1,7,95900.0,Excellent,Mid,0.0,Promote
102,324,Ayesha,35.0,0,77000.0,2022-01-01,0,9.2,6900.0,9,0,4,83900.0,Excellent,Mid,0.0,Review
103,325,Usman,39.0,4,61000.0,2019-05-01,1,7.9,0.0,15,1,7,61000.0,Good,Senior,0.0,No Promotion
104,326,Hina,34.0,2,81000.0,2022-07-01,2,9.5,7300.0,10,0,4,88300.0,Excellent,Mid,0.0,Promote
105,327,Bilal,44.0,0,89000.0,2018-03-01,1,10.0,9000.0,19,1,8,98000.0,Excellent,Senior,0.0,Promote
106,328,Kiran,36.0,1,70000.0,2020-10-01,2,8.9,6400.0,10,0,6,76400.0,Good,Mid,0.0,Review
107,329,Zara,33.0,2,73000.0,2023-09-01,0,8.6,4700.0,6,0,3,77700.0,Good,Junior,0.0,Review
108,330,Imran,49.0,3,129000.0,2016-04-01,1,10.0,19000.0,24,1,10,148000.0,Excellent,Senior,0.0,Promote
109,331,Noor,29.0,4,52000.0,2023-02-01,3,7.2,3700.0,6,0,3,55700.0,Average,Junior,1.0,No Promotion
110,332,Farhan,36.0,2,79000.0,2019-11-01,2,9.2,0.0,10,1,7,79000.0,Excellent,Mid,0.0,Promote
111,333,Sadia,33.0,0,75000.0,2021-09-01,0,9.0,6700.0,8,0,5,81700.0,Excellent,Mid,0.0,Review
112,334,Rehman,40.0,4,62000.0,2019-02-01,1,8.0,5200.0,15,1,7,67200.0,Good,Senior,0.0,Review
113,335,Amna,32.0,1,68000.0,2021-05-01,2,8.8,5900.0,8,0,5,73900.0,Good,Mid,0.0,Review
114,336,Tariq,45.0,3,124500.0,2016-07-01,1,9.7,14000.0,19,1,10,138500.0,Excellent,Senior,0.0,Promote
115,337,Laiba,29.0,2,76000.0,2023-03-01,0,8.6,4200.0,5,0,3,80200.0,Good,Junior,0.0,Review
116,338,Hassan,35.0,0,73000.0,2020-12-01,1,8.9,6500.0,10,1,6,79500.0,Good,Mid,0.0,Review
117,339,Areeba,34.0,1,67000.0,2021-07-01,2,8.8,6000.0,8,0,5,73000.0,Good,Mid,0.0,Review
118,340,Sameer,37.0,4,59000.0,2019-09-01,1,8.0,5400.0,12,1,7,64400.0,Good,Mid,0.0,Review
119,341,Nida,33.0,1,66000.0,2022-02-01,2,8.6,0.0,8,0,4,66000.0,Good,Mid,0.0,Review
120,342,Asad,39.0,2,86000.0,2018-11-01,1,9.8,8100.0,14,1,8,94100.0,Excellent,Mid,0.0,Promote
121,343,Mehak,32.0,0,74000.0,2022-08-01,0,8.9,6600.0,7,0,4,80600.0,Good,Mid,0.0,Review
122,344,Omar,41.0,4,60000.0,2018-05-01,1,7.7,4900.0,16,1,8,64900.0,Good,Senior,0.0,No Promotion
123,345,Sana,30.0,1,73000.0,2023-10-01,2,8.5,4500.0,5,0,3,77500.0,Good,Junior,0.0,Review
124,346,Faisal,43.0,3,125000.0,2017-03-01,1,9.9,15000.0,18,1,9,140000.0,Excellent,Senior,0.0,Promote
125,347,Iqra,31.0,2,77000.0,2023-05-01,0,8.8,4400.0,6,0,3,81400.0,Good,Junior,0.0,Review
126,348,Kamran,36.0,0,75000.0,2020-02-01,1,9.1,6700.0,11,1,6,81700.0,Excellent,Mid,0.0,Promote
127,349,Alina,34.0,1,68000.0,2021-12-01,2,8.7,5800.0,8,0,5,73800.0,Good,Mid,0.0,Review
129,351,Ali,35.0,4,60000.0,2020-01-01,1,8.3,5900.0,10,1,6,65900.0,Good,Mid,0.0,Review
130,352,Sara,39.0,1,71000.0,2021-04-01,2,9.2,6700.0,13,0,5,77700.0,Excellent,Mid,0.0,Promote
131,353,Ahmed,41.0,2,89000.0,2019-10-01,1,9.8,8000.0,15,1,7,97000.0,Excellent,Senior,0.0,Promote
132,354,Ayesha,36.0,0,78000.0,2022-02-01,0,9.3,7000.0,10,0,4,85000.0,Excellent,Mid,0.0,Promote
133,355,Usman,40.0,4,62000.0,2019-06-01,1,8.0,0.0,16,1,7,62000.0,Good,Senior,0.0,Review
134,356,Hina,35.0,2,82000.0,2022-08-01,2,9.6,7400.0,11,0,4,89400.0,Excellent,Mid,0.0,Promote
135,357,Bilal,45.0,0,90000.0,2018-04-01,1,10.0,9200.0,20,1,8,99200.0,Excellent,Senior,0.0,Promote
136,358,Kiran,37.0,1,71000.0,2020-11-01,2,9.0,6500.0,11,0,6,77500.0,Excellent,Mid,0.0,Promote
137,359,Zara,34.0,2,73000.0,2023-10-01,0,8.7,4800.0,7,0,3,77800.0,Good,Mid,0.01,Review
138,360,Imran,50.0,3,130000.0,2016-05-01,1,10.0,20000.0,25,1,10,150000.0,Excellent,Senior,0.0,Promote
139,361,Noor,30.0,4,53000.0,2023-03-01,3,7.3,3800.0,7,0,3,56800.0,Average,Mid,0.99,No Promotion
140,362,Farhan,37.0,2,80000.0,2019-12-01,2,9.3,0.0,11,1,7,80000.0,Excellent,Mid,0.0,Promote
141,363,Sadia,34.0,0,76000.0,2021-10-01,0,9.1,6800.0,9,0,5,82800.0,Excellent,Mid,0.0,Review
142,364,Rehman,41.0,4,63000.0,2019-03-01,1,8.1,5300.0,16,1,7,68300.0,Good,Senior,0.0,Review
143,365,Amna,33.0,1,69000.0,2021-06-01,2,8.9,6000.0,9,0,5,75000.0,Good,Mid,0.0,Review
144,366,Tariq,46.0,3,126000.0,2016-08-01,1,9.8,14500.0,20,1,10,140500.0,Excellent,Senior,0.0,Promote
145,367,Laiba,30.0,2,77000.0,2023-04-01,0,8.7,4300.0,6,0,3,81300.0,Good,Junior,0.0,Review
146,368,Hassan,36.0,0,74000.0,2021-01-01,1,9.0,6600.0,11,1,5,80600.0,Excellent,Mid,0.0,Promote
147,369,Areeba,35.0,1,68000.0,2021-08-01,2,8.9,6100.0,9,0,5,74100.0,Good,Mid,0.0,Review
148,370,Sameer,38.0,4,60000.0,2019-10-01,1,8.1,5500.0,13,1,7,65500.0,Good,Mid,0.0,Review
149,371,Nida,34.0,1,67000.0,2022-03-01,2,8.7,0.0,9,0,4,67000.0,Good,Mid,0.0,Review
150,372,Asad,40.0,2,87000.0,2018-12-01,1,9.9,8200.0,15,1,8,95200.0,Excellent,Senior,0.0,Promote
151,373,Mehak,33.0,0,75000.0,2022-09-01,0,9.0,6700.0,8,0,4,81700.0,Excellent,Mid,0.0,Review
152,374,Omar,42.0,4,61000.0,2018-06-01,1,7.8,5000.0,17,1,8,66000.0,Good,Senior,0.0,No Promotion
153,375,Sana,31.0,1,73000.0,2023-11-01,2,8.6,4600.0,6,0,3,77600.0,Good,Junior,0.0,Review
154,376,Faisal,44.0,3,126500.0,2017-04-01,1,10.0,15500.0,19,1,9,142000.0,Excellent,Senior,0.0,Promote
155,377,Iqra,32.0,2,78000.0,2023-06-01,0,8.9,4500.0,7,0,3,82500.0,Good,Mid,0.0,Review
156,378,Kamran,37.0,0,76000.0,2020-03-01,1,9.2,6800.0,12,1,6,82800.0,Excellent,Mid,0.0,Promote
157,379,Alina,35.0,1,69000.0,2022-01-01,2,8.8,5900.0,9,0,4,74900.0,Good,Mid,0.0,Review
159,381,Ali,36.0,4,61000.0,2020-02-01,1,8.4,6000.0,11,1,6,67000.0,Good,Mid,0.0,Review
160,382,Sara,40.0,1,72000.0,2021-05-01,2,9.3,6800.0,14,0,5,78800.0,Excellent,Mid,0.0,Promote
161,383,Ahmed,42.0,2,90000.0,2019-11-01,1,9.9,8200.0,16,1,7,98200.0,Excellent,Senior,0.0,Promote
162,384,Ayesha,37.0,0,79000.0,2022-03-01,0,9.4,7100.0,11,0,4,86100.0,Excellent,Mid,0.0,Promote
163,385,Usman,41.0,4,63000.0,2019-07-01,1,8.1,0.0,17,1,7,63000.0,Good,Senior,0.0,Review
164,386,Hina,36.0,2,83000.0,2022-09-01,2,9.7,7500.0,12,0,4,90500.0,Excellent,Mid,0.0,Promote
165,387,Bilal,46.0,0,91000.0,2018-05-01,1,10.0,9300.0,21,1,8,100300.0,Excellent,Senior,0.0,Promote
166,388,Kiran,38.0,1,72000.0,2020-12-01,2,9.1,6600.0,12,0,6,78600.0,Excellent,Mid,0.0,Promote
167,389,Zara,35.0,2,74000.0,2023-11-01,0,8.8,4900.0,8,0,3,78900.0,Good,Mid,0.0,Review
168,390,Imran,51.0,3,131000.0,2016-06-01,1,10.0,20500.0,26,1,10,151500.0,Excellent,Senior,0.0,Promote
169,391,Noor,31.0,4,54000.0,2023-04-01,3,7.4,3900.0,8,0,3,57900.0,Average,Mid,0.98,No Promotion
170,392,Farhan,38.0,2,81000.0,2019-12-15,2,9.4,0.0,12,1,7,81000.0,Excellent,Mid,0.0,Promote
171,393,Sadia,35.0,0,77000.0,2021-11-01,0,9.2,6900.0,10,0,5,83900.0,Excellent,Mid,0.0,Promote
172,394,Rehman,42.0,4,64000.0,2019-04-01,1,8.2,5400.0,17,1,7,69400.0,Good,Senior,0.0,Review
173,395,Amna,34.0,1,70000.0,2021-07-01,2,9.0,6100.0,10,0,5,76100.0,Excellent,Mid,0.0,Promote
174,396,Tariq,47.0,3,127000.0,2016-09-01,1,9.9,15000.0,21,1,10,142000.0,Excellent,Senior,0.0,Promote
175,397,Laiba,31.0,2,78000.0,2023-05-15,0,8.8,4400.0,7,0,3,82400.0,Good,Mid,0.0,Review
176,398,Hassan,37.0,0,75000.0,2021-02-01,1,9.1,6700.0,12,1,5,81700.0,Excellent,Mid,0.0,Promote
177,399,Areeba,36.0,1,69000.0,2021-09-01,2,8.9,6200.0,10,0,5,75200.0,Good,Mid,0.0,Review
178,400,Sameer,39.0,4,61000.0,2019-11-01,1,8.2,5600.0,14,1,7,66600.0,Good,Mid,0.0,Review
179,401,Nida,35.0,1,68000.0,2022-04-01,2,8.8,0.0,10,0,4,68000.0,Good,Mid,0.0,Review
180,402,Asad,41.0,2,88000.0,2019-01-01,1,10.0,8300.0,16,1,7,96300.0,Excellent,Senior,0.0,Promote
181,403,Mehak,34.0,0,76000.0,2022-10-01,0,9.1,6800.0,9,0,4,82800.0,Excellent,Mid,0.0,Review
182,404,Omar,43.0,4,62000.0,2018-07-01,1,7.9,5100.0,18,1,8,67100.0,Good,Senior,0.0,No Promotion
183,405,Sana,32.0,1,73000.0,2023-12-01,2,8.7,4700.0,7,0,3,77700.0,Good,Mid,0.0,Review
184,406,Faisal,45.0,3,127500.0,2017-05-01,1,10.0,16000.0,20,1,9,143500.0,Excellent,Senior,0.0,Promote
185,407,Iqra,33.0,2,79000.0,2023-07-01,0,9.0,4600.0,8,0,3,83600.0,Excellent,Mid,0.0,Review
186,408,Kamran,38.0,0,77000.0,2020-04-01,1,9.3,6900.0,13,1,6,83900.0,Excellent,Mid,0.0,Promote
187,409,Alina,36.0,1,70000.0,2022-02-01,2,8.9,6000.0,10,0,4,76000.0,Good,Mid,0.0,Review
189,411,Ali,37.0,4,62000.0,2020-03-01,1,8.5,6100.0,12,1,6,68100.0,Good,Mid,0.0,Review
190,412,Sara,41.0,1,73000.0,2021-06-01,2,9.4,6900.0,15,0,5,79900.0,Excellent,Senior,0.0,Promote
191,413,Ahmed,43.0,2,91000.0,2019-12-01,1,10.0,8300.0,17,1,7,99300.0,Excellent,Senior,0.0,Promote
192,414,Ayesha,38.0,0,80000.0,2022-04-01,0,9.5,7200.0,12,0,4,87200.0,Excellent,Mid,0.0,Promote
193,415,Usman,42.0,4,64000.0,2019-08-01,1,8.2,0.0,18,1,7,64000.0,Good,Senior,0.0,Review
194,416,Hina,37.0,2,84000.0,2022-10-01,2,9.8,7600.0,13,0,4,91600.0,Excellent,Mid,0.0,Promote
195,417,Bilal,47.0,0,92000.0,2018-06-01,1,10.0,9500.0,22,1,8,101500.0,Excellent,Senior,0.0,Promote
196,418,Kiran,39.0,1,73000.0,2020-01-01,2,9.2,6700.0,13,0,6,79700.0,Excellent,Mid,0.0,Promote
197,419,Zara,36.0,2,75000.0,2023-12-01,0,8.9,5000.0,9,0,3,80000.0,Good,Mid,0.0,Review
198,420,Imran,52.0,3,132000.0,2016-07-01,1,10.0,21000.0,27,1,10,153000.0,Excellent,Senior,0.0,Promote
199,421,Noor,32.0,4,55000.0,2023-05-01,3,7.5,4000.0,9,0,3,59000.0,Good,Mid,0.12,No Promotion
200,422,Farhan,39.0,2,82000.0,2019-12-20,2,9.5,0.0,13,1,7,82000.0,Excellent,Mid,0.0,Promote
201,423,Sadia,36.0,0,78000.0,2021-12-01,0,9.3,7000.0,11,0,5,85000.0,Excellent,Mid,0.0,Promote
202,424,Rehman,43.0,4,65000.0,2019-05-01,1,8.3,5500.0,18,1,7,70500.0,Good,Senior,0.0,Review
203,425,Amna,35.0,1,71000.0,2021-08-01,2,9.1,6200.0,11,0,5,77200.0,Excellent,Mid,0.0,Promote
204,426,Tariq,48.0,3,128000.0,2016-10-01,1,10.0,15500.0,22,1,10,143500.0,Excellent,Senior,0.0,Promote
205,427,Laiba,32.0,2,79000.0,2023-06-01,0,8.9,4500.0,8,0,3,83500.0,Good,Mid,0.0,Review
206,428,Hassan,38.0,0,76000.0,2021-03-01,1,9.2,6800.0,13,1,5,82800.0,Excellent,Mid,0.0,Promote
207,429,Areeba,37.0,1,70000.0,2021-10-01,2,9.0,6300.0,11,0,5,76300.0,Excellent,Mid,0.0,Promote
208,430,Sameer,40.0,4,62000.0,2019-12-15,1,8.3,5700.0,15,1,7,67700.0,Good,Senior,0.0,Review
209,431,Nida,36.0,1,69000.0,2022-05-01,2,8.9,0.0,11,0,4,69000.0,Good,Mid,0.0,Review
210,432,Asad,42.0,2,89000.0,2019-02-01,1,10.0,8400.0,17,1,7,97400.0,Excellent,Senior,0.0,Promote
211,433,Mehak,35.0,0,77000.0,2022-11-01,0,9.2,6900.0,10,0,4,83900.0,Excellent,Mid,0.0,Promote
212,434,Omar,44.0,4,63000.0,2018-08-01,1,8.0,5200.0,19,1,8,68200.0,Good,Senior,0.0,Review
213,435,Sana,33.0,1,73000.0,2024-01-01,2,8.8,4800.0,8,0,2,77800.0,Good,Mid,0.01,Review
214,436,Faisal,46.0,3,128500.0,2017-06-01,1,10.0,16500.0,21,1,9,145000.0,Excellent,Senior,0.0,Promote
215,437,Iqra,34.0,2,80000.0,2023-08-01,0,9.1,4700.0,9,0,3,84700.0,Excellent,Mid,0.0,Review
216,438,Kamran,39.0,0,78000.0,2020-05-01,1,9.4,7000.0,14,1,6,85000.0,Excellent,Mid,0.0,Promote
217,439,Alina,37.0,1,71000.0,2022-03-01,2,9.0,6100.0,11,0,4,77100.0,Excellent,Mid,0.0,Promote
219,441,Ali,38.0,4,63000.0,2020-04-01,1,8.6,6200.0,13,1,6,69200.0,Good,Mid,0.0,Review
220,442,Sara,42.0,1,74000.0,2021-07-01,2,9.5,7000.0,16,0,5,81000.0,Excellent,Senior,0.0,Promote
221,443,Ahmed,44.0,2,92000.0,2019-12-20,1,10.0,8500.0,18,1,7,100500.0,Excellent,Senior,0.0,Promote
222,444,Ayesha,39.0,0,81000.0,2022-05-01,0,9.6,7300.0,13,0,4,88300.0,Excellent,Mid,0.0,Promote
223,445,Usman,43.0,4,65000.0,2019-09-01,1,8.3,0.0,19,1,7,65000.0,Good,Senior,0.0,Review
224,446,Hina,38.0,2,85000.0,2022-11-01,2,9.9,7700.0,14,0,4,92700.0,Excellent,Mid,0.0,Promote
225,447,Bilal,48.0,0,93000.0,2018-07-01,1,10.0,9600.0,23,1,8,102600.0,Excellent,Senior,0.0,Promote
226,448,Kiran,40.0,1,74000.0,2020-02-01,2,9.3,6800.0,14,0,6,80800.0,Excellent,Mid,0.0,Promote
227,449,Zara,37.0,2,76000.0,2024-01-01,0,9.0,5100.0,10,0,2,81100.0,Excellent,Mid,0.0,Promote
228,450,Imran,53.0,3,133000.0,2016-08-01,1,10.0,21500.0,28,1,10,154500.0,Excellent,Senior,0.0,Promote
229,130,Imran,41.0,3,121000.0,2015-04-12,1,9.6,15200.0,16,1,11,136200.0,Excellent,Senior,0.0,Promote
230,131,Noor,23.0,4,46000.0,2022-08-01,3,6.6,3100.0,2,0,4,49100.0,Average,Junior,1.0,No Promotion
231,132,Farhan,30.0,2,73500.0,2019-12-11,2,8.6,6400.0,5,1,7,79900.0,Good,Junior,0.0,Review
232,133,Sadia,27.0,0,69500.0,2021-03-30,0,8.5,0.0,3,0,5,69500.0,Good,Junior,0.0,Review
233,134,Rehman,34.0,4,55000.0,2018-07-22,1,7.3,4600.0,9,1,8,59600.0,Average,Mid,0.99,No Promotion
234,135,Amna,26.0,1,62500.0,2020-11-19,2,8.2,5300.0,3,0,6,67800.0,Good,Junior,0.0,Review
235,136,Tariq,39.0,3,116000.0,2016-01-01,1,9.1,12100.0,13,1,10,128100.0,Excellent,Mid,0.0,Promote
236,137,Laiba,23.0,2,70500.0,2022-09-15,0,8.0,3600.0,1,0,4,74100.0,Good,Junior,0.0,Review
237,138,Hassan,29.0,0,67500.0,2020-06-18,1,8.4,5900.0,4,1,6,73400.0,Good,Junior,0.0,Review
238,139,Areeba,28.0,1,61500.0,2021-01-05,2,8.3,5400.0,3,0,5,66900.0,Good,Junior,0.0,Review
239,140,Sameer,31.0,4,53000.0,2019-03-12,1,7.4,4800.0,6,1,7,57800.0,Average,Junior,0.92,No Promotion
240,141,Nida,27.0,1,60000.0,2021-07-01,2,8.0,0.0,4,0,5,60000.0,Good,Junior,0.0,Review
241,142,Asad,33.0,2,77000.0,2018-05-19,1,9.2,7500.0,8,1,8,84500.0,Excellent,Mid,0.0,Review
242,143,Mehak,26.0,0,68000.0,2022-02-10,0,8.3,6000.0,3,0,4,74000.0,Good,Junior,0.0,Review
243,144,Omar,35.0,4,54000.0,2017-11-23,1,7.1,4300.0,10,1,9,58300.0,Average,Mid,0.98,No Promotion
244,145,Sana,24.0,1,73000.0,2023-03-15,2,7.9,3900.0,1,0,3,76900.0,Good,Junior,0.0,No Promotion
245,146,Faisal,37.0,3,118000.0,2016-09-09,1,9.3,13000.0,12,1,10,131000.0,Excellent,Mid,0.0,Promote
246,147,Iqra,25.0,2,71000.0,2022-10-20,0,8.2,3700.0,2,0,4,74700.0,Good,Junior,0.0,Review
247,148,Kamran,30.0,0,69000.0,2019-08-08,1,8.5,6100.0,5,1,7,75100.0,Good,Junior,0.0,Review
248,149,Alina,28.0,1,62000.0,2021-06-30,2,8.1,5200.0,3,0,5,67200.0,Good,Junior,0.0,Review
250,151,Ali,27.0,4,52000.0,2021-05-10,1,7.6,5100.0,3,1,5,57100.0,Good,Junior,0.0,No Promotion
251,152,Sara,31.0,1,63000.0,2020-08-12,2,8.4,0.0,6,0,6,63000.0,Good,Junior,0.0,Review
252,153,Ahmed,33.0,2,78000.0,2019-02-20,1,9.0,7200.0,7,1,7,85200.0,Excellent,Mid,0.0,Review
253,154,Ayesha,28.0,0,70000.0,2022-06-25,0,8.6,6200.0,4,0,4,76200.0,Good,Junior,0.0,Review
254,155,Usman,32.0,4,54000.0,2018-10-10,1,7.2,0.0,8,1,8,54000.0,Average,Mid,0.98,No Promotion
255,156,Hina,27.0,2,74000.0,2021-12-01,2,8.8,6600.0,4,0,5,80600.0,Good,Junior,0.0,Review
256,157,Bilal,37.0,0,82000.0,2017-07-01,1,9.5,8300.0,12,1,9,90300.0,Excellent,Mid,0.0,Promote
257,158,Kiran,29.0,1,63000.0,2020-03-01,2,8.2,5700.0,5,0,6,68700.0,Good,Junior,0.0,Review
258,159,Zara,26.0,2,73000.0,2023-02-01,0,7.9,4000.0,2,0,3,77000.0,Good,Junior,0.0,No Promotion
259,160,Imran,42.0,3,122000.0,2015-05-01,1,9.7,15500.0,17,1,11,137500.0,Excellent,Senior,0.0,Promote
260,161,Noor,24.0,4,47000.0,2022-09-01,3,6.7,3200.0,2,0,4,50200.0,Average,Junior,1.0,No Promotion
261,162,Farhan,31.0,2,74000.0,2019-11-11,2,8.7,0.0,6,1,7,74000.0,Good,Junior,0.0,Review
262,163,Sadia,28.0,0,70000.0,2021-04-10,0,8.5,6100.0,4,0,5,76100.0,Good,Junior,0.0,Review
263,164,Rehman,35.0,4,56000.0,2018-08-10,1,7.4,4700.0,10,1,8,60700.0,Average,Mid,0.89,No Promotion
264,165,Amna,27.0,1,63000.0,2020-12-01,2,8.3,5400.0,4,0,6,68400.0,Good,Junior,0.0,Review
265,166,Tariq,40.0,3,118000.0,2016-02-02,1,9.2,12200.0,14,1,10,130200.0,Excellent,Mid,0.0,Promote
266,167,Laiba,24.0,2,71000.0,2022-10-10,0,8.1,3700.0,2,0,4,74700.0,Good,Junior,0.01,Review
267,168,Hassan,30.0,0,68000.0,2020-07-01,1,8.4,6000.0,5,1,6,74000.0,Good,Junior,0.0,Review
268,169,Areeba,29.0,1,62000.0,2021-02-10,2,8.3,5500.0,4,0,5,67500.0,Good,Junior,0.0,Review
269,170,Sameer,32.0,4,54000.0,2019-04-15,1,7.5,4900.0,7,1,7,58900.0,Good,Mid,0.08,No Promotion
270,171,Nida,28.0,1,61000.0,2021-08-01,2,8.1,0.0,5,0,5,61000.0,Good,Junior,0.0,Review
271,172,Asad,34.0,2,79000.0,2018-06-20,1,9.3,7600.0,9,1,8,86600.0,Excellent,Mid,0.0,Review
272,173,Mehak,27.0,0,69000.0,2022-03-01,0,8.4,6100.0,3,0,4,75100.0,Good,Junior,0.0,Review
273,174,Omar,36.0,4,55000.0,2017-12-01,1,7.2,4400.0,11,1,9,59400.0,Average,Mid,0.99,No Promotion
274,175,Sana,25.0,1,73000.0,2023-04-01,2,8.0,4000.0,2,0,3,77000.0,Good,Junior,0.0,Review
275,176,Faisal,38.0,3,119000.0,2016-10-10,1,9.4,13200.0,13,1,10,132200.0,Excellent,Mid,0.0,Promote
276,177,Iqra,26.0,2,72000.0,2022-11-01,0,8.3,3800.0,2,0,4,75800.0,Good,Junior,0.0,Review
277,178,Kamran,31.0,0,70000.0,2019-09-01,1,8.6,6200.0,6,1,7,76200.0,Good,Junior,0.0,Review
278,179,Alina,29.0,1,63000.0,2021-07-10,2,8.2,5300.0,4,0,5,68300.0,Good,Junior,0.0,Review
280,181,Ali,28.0,4,53000.0,2021-06-01,1,7.7,5200.0,4,1,5,58200.0,Good,Junior,0.0,No Promotion
281,182,Sara,32.0,1,64000.0,2020-09-01,2,8.5,6000.0,7,0,6,70000.0,Good,Mid,0.0,Review
282,183,Ahmed,34.0,2,80000.0,2019-03-01,1,9.2,7300.0,8,1,7,87300.0,Excellent,Mid,0.0,Review
283,184,Ayesha,29.0,0,71000.0,2022-07-01,0,8.7,6300.0,4,0,4,77300.0,Good,Junior,0.0,Review
284,185,Usman,33.0,4,55000.0,2018-11-01,1,7.3,0.0,9,1,8,55000.0,Average,Mid,0.99,No Promotion
285,186,Hina,28.0,2,75000.0,2022-01-01,2,8.9,6700.0,5,0,4,81700.0,Good,Junior,0.0,Review
286,187,Bilal,38.0,0,83000.0,2017-08-01,1,9.6,8400.0,13,1,9,91400.0,Excellent,Mid,0.0,Promote
287,188,Kiran,30.0,1,64000.0,2020-04-01,2,8.3,5800.0,6,0,6,69800.0,Good,Junior,0.0,Review
288,189,Zara,27.0,2,69000.0,2023-03-01,0,8.0,4100.0,3,0,3,73100.0,Good,Junior,0.0,Review
289,190,Imran,43.0,3,123000.0,2015-06-01,1,9.8,16000.0,18,1,11,139000.0,Excellent,Senior,0.0,Promote
290,191,Noor,25.0,4,48000.0,2022-10-01,3,6.8,3300.0,3,0,4,51300.0,Average,Junior,1.0,No Promotion
291,192,Farhan,32.0,2,75000.0,2019-10-10,2,8.8,0.0,6,1,7,75000.0,Good,Junior,0.0,Review
292,193,Sadia,29.0,0,71000.0,2021-05-01,0,8.6,6200.0,4,0,5,77200.0,Good,Junior,0.0,Review
293,194,Rehman,36.0,4,57000.0,2018-09-01,1,7.5,4800.0,11,1,8,61800.0,Good,Mid,0.07,No Promotion
294,195,Amna,28.0,1,64000.0,2021-01-01,2,8.4,5500.0,5,0,5,69500.0,Good,Junior,0.0,Review
295,196,Tariq,41.0,3,119000.0,2016-03-01,1,9.3,12500.0,15,1,10,131500.0,Excellent,Senior,0.0,Promote
296,197,Laiba,25.0,2,72000.0,2022-11-15,0,8.2,3800.0,2,0,4,75800.0,Good,Junior,0.0,Review
297,198,Hassan,31.0,0,69000.0,2020-08-01,1,8.5,6100.0,6,1,6,75100.0,Good,Junior,0.0,Review
298,199,Areeba,30.0,1,63000.0,2021-03-01,2,8.4,5600.0,5,0,5,68600.0,Good,Junior,0.0,Review
299,200,Sameer,33.0,4,55000.0,2019-05-01,1,7.6,5000.0,8,1,7,60000.0,Good,Mid,0.01,No Promotion
300,201,Nida,29.0,1,62000.0,2021-09-01,2,8.2,0.0,5,0,5,62000.0,Good,Junior,0.0,Review
301,202,Asad,35.0,2,81000.0,2018-07-01,1,9.4,7700.0,10,1,8,88700.0,Excellent,Mid,0.0,Promote
302,203,Mehak,28.0,0,70000.0,2022-04-01,0,8.5,6200.0,4,0,4,76200.0,Good,Junior,0.0,Review
303,204,Omar,37.0,4,56000.0,2018-01-01,1,7.3,4500.0,12,1,8,60500.0,Average,Mid,0.94,No Promotion
304,205,Sana,26.0,1,73000.0,2023-05-01,2,8.1,4100.0,2,0,3,77100.0,Good,Junior,0.0,Review
305,206,Faisal,39.0,3,120000.0,2016-11-01,1,9.5,13500.0,14,1,10,133500.0,Excellent,Mid,0.0,Promote
306,207,Iqra,27.0,2,73000.0,2023-01-01,0,8.4,3900.0,3,0,3,76900.0,Good,Junior,0.0,Review
307,208,Kamran,32.0,0,71000.0,2019-10-01,1,8.7,6300.0,7,1,7,77300.0,Good,Mid,0.0,Review
308,209,Alina,30.0,1,64000.0,2021-08-01,2,8.3,5400.0,5,0,5,69400.0,Good,Junior,0.0,Review
310,211,Ali,29.0,4,54000.0,2021-07-01,1,7.8,5300.0,5,1,5,59300.0,Good,Junior,0.0,No Promotion
311,212,Sara,33.0,1,65000.0,2020-10-01,2,8.6,6100.0,8,0,6,71100.0,Good,Mid,0.0,Review
312,213,Ahmed,35.0,2,82000.0,2019-04-01,1,9.3,7400.0,9,1,7,89400.0,Excellent,Mid,0.0,Review
313,214,Ayesha,30.0,0,72000.0,2022-08-01,0,8.8,6400.0,5,0,4,78400.0,Good,Junior,0.0,Review
314,215,Usman,34.0,4,56000.0,2018-12-01,1,7.4,0.0,10,1,8,56000.0,Average,Mid,0.94,No Promotion
315,216,Hina,29.0,2,76000.0,2022-02-01,2,9.0,6800.0,6,0,4,82800.0,Excellent,Junior,0.0,Review
316,217,Bilal,39.0,0,84000.0,2017-09-01,1,9.7,8500.0,14,1,9,92500.0,Excellent,Mid,0.0,Promote
317,218,Kiran,31.0,1,65000.0,2020-05-01,2,8.4,5900.0,6,0,6,70900.0,Good,Junior,0.0,Review
318,219,Zara,28.0,2,70000.0,2023-04-01,0,8.1,4200.0,3,0,3,74200.0,Good,Junior,0.0,Review
319,220,Imran,44.0,3,124000.0,2015-07-01,1,9.9,16500.0,19,1,11,140500.0,Excellent,Senior,0.0,Promote
320,221,Noor,26.0,4,49000.0,2022-11-01,3,6.9,3400.0,3,0,4,52400.0,Average,Junior,1.0,No Promotion
321,222,Farhan,33.0,2,76000.0,2019-09-01,2,8.9,0.0,7,1,7,76000.0,Good,Mid,0.0,Review
322,223,Sadia,30.0,0,72000.0,2021-06-01,0,8.7,6300.0,5,0,5,78300.0,Good,Junior,0.0,Review
323,224,Rehman,37.0,4,58000.0,2018-10-01,1,7.6,4900.0,12,1,8,62900.0,Good,Mid,0.0,No Promotion
324,225,Amna,29.0,1,65000.0,2021-02-01,2,8.5,5600.0,6,0,5,70600.0,Good,Junior,0.0,Review
325,226,Tariq,42.0,3,121000.0,2016-04-01,1,9.4,12800.0,16,1,10,133800.0,Excellent,Senior,0.0,Promote
326,227,Laiba,26.0,2,73000.0,2022-12-01,0,8.3,3900.0,3,0,4,76900.0,Good,Junior,0.0,Review
327,228,Hassan,32.0,0,70000.0,2020-09-01,1,8.6,6200.0,7,1,6,76200.0,Good,Mid,0.0,Review
328,229,Areeba,31.0,1,64000.0,2021-04-01,2,8.5,5700.0,6,0,5,69700.0,Good,Junior,0.0,Review
329,230,Sameer,34.0,4,56000.0,2019-06-01,1,7.7,5100.0,9,1,7,61100.0,Good,Mid,0.0,No Promotion
330,231,Nida,30.0,1,63000.0,2021-10-01,2,8.3,0.0,6,0,5,63000.0,Good,Junior,0.0,Review
331,232,Asad,36.0,2,83000.0,2018-08-01,1,9.5,7800.0,11,1,8,90800.0,Excellent,Mid,0.0,Promote
332,233,Mehak,29.0,0,71000.0,2022-05-01,0,8.6,6300.0,5,0,4,77300.0,Good,Junior,0.0,Review
333,234,Omar,38.0,4,57000.0,2018-02-01,1,7.4,4600.0,13,1,8,61600.0,Average,Mid,0.88,No Promotion
334,235,Sana,27.0,1,73000.0,2023-06-01,2,8.2,4200.0,3,0,3,77200.0,Good,Junior,0.0,Review
335,236,Faisal,40.0,3,122000.0,2016-12-01,1,9.6,13800.0,15,1,10,135800.0,Excellent,Senior,0.0,Promote
336,237,Iqra,28.0,2,74000.0,2023-02-01,0,8.5,4000.0,4,0,3,78000.0,Good,Junior,0.0,Review
337,238,Kamran,33.0,0,72000.0,2019-11-01,1,8.8,6400.0,8,1,7,78400.0,Good,Mid,0.0,Review
338,239,Alina,31.0,1,65000.0,2021-09-01,2,8.4,5500.0,6,0,5,70500.0,Good,Junior,0.0,Review
340,241,Ali,30.0,4,55000.0,2021-08-01,1,7.9,5400.0,6,1,5,60400.0,Good,Junior,0.0,No Promotion
341,242,Sara,34.0,1,66000.0,2020-11-01,2,8.7,6200.0,9,0,6,72200.0,Good,Mid,0.0,Review
342,243,Ahmed,36.0,2,84000.0,2019-05-01,1,9.4,7500.0,10,1,7,91500.0,Excellent,Mid,0.0,Promote
343,244,Ayesha,31.0,0,73000.0,2022-09-01,0,8.9,6500.0,5,0,4,79500.0,Good,Junior,0.0,Review
344,245,Usman,35.0,4,57000.0,2019-01-01,1,7.5,0.0,11,1,7,57000.0,Good,Mid,0.01,No Promotion
345,246,Hina,30.0,2,77000.0,2022-03-01,2,9.1,6900.0,7,0,4,83900.0,Excellent,Mid,0.0,Review
346,247,Bilal,40.0,0,85000.0,2017-10-01,1,9.8,8600.0,15,1,9,93600.0,Excellent,Senior,0.0,Promote
347,248,Kiran,32.0,1,66000.0,2020-06-01,2,8.5,6000.0,7,0,6,72000.0,Good,Mid,0.0,Review
348,249,Zara,29.0,2,71000.0,2023-05-01,0,8.2,4300.0,4,0,3,75300.0,Good,Junior,0.0,Review
349,250,Imran,45.0,3,125000.0,2015-08-01,1,10.0,17000.0,20,1,11,142000.0,Excellent,Senior,0.0,Promote
550,451,Ali,33.0,2,76500.0,2020-12-18,1,8.9,6700.0,11,1,6,83200.0,Good,Mid,0.0,Review
551,452,Sara,37.0,1,65000.0,2019-12-28,2,8.8,5900.0,13,0,7,70900.0,Good,Mid,0.0,Review
552,453,Ahmed,41.0,0,89000.0,2018-08-05,0,9.7,8200.0,16,1,8,97200.0,Excellent,Senior,0.0,Promote
553,454,Ayesha,34.0,4,61000.0,2021-07-12,1,8.3,4800.0,10,0,5,65800.0,Good,Mid,0.01,Review
554,455,Usman,36.0,2,83000.0,2020-08-19,2,9.4,7400.0,12,1,6,90400.0,Excellent,Mid,0.0,Promote
555,456,Hina,32.0,1,63500.0,2022-08-25,0,8.7,5700.0,9,0,4,69200.0,Good,Mid,0.0,Review
556,457,Bilal,44.0,3,132000.0,2016-12-31,1,10.0,21000.0,21,1,10,153000.0,Excellent,Senior,0.0,Promote
557,458,Kiran,35.0,0,76000.0,2020-12-31,2,8.9,6500.0,11,0,6,82500.0,Good,Mid,0.0,Review
558,459,Zara,31.0,2,72500.0,2023-07-01,1,8.4,4100.0,8,0,3,76600.0,Good,Mid,0.0,Review
559,460,Imran,48.0,3,138000.0,2014-10-10,0,10.0,25000.0,23,1,12,163000.0,Excellent,Senior,0.0,Promote
560,461,Noor,29.0,4,52000.0,2022-10-25,2,7.4,3600.0,7,0,4,55600.0,Average,Mid,1.0,No Promotion
561,462,Farhan,37.0,2,80000.0,2019-12-31,1,9.2,6800.0,12,1,7,86800.0,Excellent,Mid,0.0,Promote
562,463,Sadia,32.0,0,76000.0,2021-09-02,0,9.0,6500.0,9,0,5,82500.0,Excellent,Mid,0.0,Review
563,464,Rehman,41.0,4,62000.0,2018-12-01,2,7.9,5100.0,15,1,8,67100.0,Good,Senior,0.0,No Promotion
564,465,Amna,33.0,1,69000.0,2020-12-31,1,8.8,6000.0,10,0,6,75000.0,Good,Mid,0.0,Review
565,466,Tariq,45.0,3,124000.0,2015-11-30,0,9.7,17000.0,19,1,11,141000.0,Excellent,Senior,0.0,Promote
566,467,Laiba,28.0,2,72000.0,2022-12-25,2,8.3,3800.0,7,0,4,75800.0,Good,Mid,0.0,Review
567,468,Hassan,36.0,0,74000.0,2020-10-15,1,8.9,6600.0,11,1,6,80600.0,Good,Mid,0.0,Review
568,469,Areeba,35.0,1,65000.0,2021-06-30,0,8.6,5700.0,9,0,5,70700.0,Good,Mid,0.0,Review
569,470,Sameer,39.0,4,64000.0,2019-09-10,2,8.1,5300.0,13,1,7,69300.0,Good,Mid,0.0,Review
570,471,Ali,34.0,2,77000.0,2020-12-31,1,9.0,6800.0,12,1,6,83800.0,Excellent,Mid,0.0,Promote
571,472,Sara,38.0,1,65500.0,2019-12-31,2,8.9,6000.0,14,0,7,71500.0,Good,Mid,0.0,Review
572,473,Ahmed,42.0,0,90000.0,2018-09-14,0,9.8,8300.0,17,1,8,98300.0,Excellent,Senior,0.0,Promote
573,474,Ayesha,35.0,4,62000.0,2021-08-20,1,8.4,4900.0,11,0,5,66900.0,Good,Mid,0.0,Review
574,475,Usman,37.0,2,84000.0,2020-09-05,2,9.5,7500.0,13,1,6,91500.0,Excellent,Mid,0.0,Promote
575,476,Hina,33.0,1,64000.0,2022-09-10,0,8.8,5800.0,10,0,4,69800.0,Good,Mid,0.0,Review
576,477,Bilal,45.0,3,133000.0,2016-12-31,1,10.0,22000.0,22,1,10,155000.0,Excellent,Senior,0.0,Promote
577,478,Kiran,36.0,0,77000.0,2020-12-31,2,9.0,6600.0,12,0,6,83600.0,Excellent,Mid,0.0,Promote
578,479,Zara,32.0,2,73500.0,2023-07-10,1,8.5,4200.0,9,0,3,77700.0,Good,Mid,0.0,Review
579,480,Imran,49.0,3,139000.0,2014-10-20,0,10.0,26000.0,24,1,12,165000.0,Excellent,Senior,0.0,Promote
580,481,Noor,30.0,4,53000.0,2022-11-01,2,7.5,3700.0,8,0,4,56700.0,Good,Mid,0.14,No Promotion
581,482,Farhan,38.0,2,81000.0,2019-12-31,1,9.3,6900.0,13,1,7,87900.0,Excellent,Mid,0.0,Promote
582,483,Sadia,33.0,0,77000.0,2021-09-15,0,9.1,6600.0,10,0,5,83600.0,Excellent,Mid,0.0,Promote
583,484,Rehman,42.0,4,63000.0,2018-12-15,2,8.0,5200.0,16,1,8,68200.0,Good,Senior,0.0,Review
584,485,Amna,34.0,1,70000.0,2020-12-31,1,8.9,6100.0,11,0,6,76100.0,Good,Mid,0.0,Review
585,486,Tariq,46.0,3,125000.0,2015-12-10,0,9.8,17500.0,20,1,11,142500.0,Excellent,Senior,0.0,Promote
586,487,Laiba,29.0,2,73000.0,2022-12-31,2,8.4,3900.0,8,0,4,76900.0,Good,Mid,0.0,Review
587,488,Hassan,37.0,0,75000.0,2020-10-30,1,9.0,6700.0,12,1,6,81700.0,Excellent,Mid,0.0,Promote
588,489,Areeba,36.0,1,66000.0,2021-07-10,0,8.7,5800.0,10,0,5,71800.0,Good,Mid,0.0,Review
589,490,Sameer,40.0,4,65000.0,2019-10-01,2,8.2,5400.0,14,1,7,70400.0,Good,Mid,0.0,Review
590,491,Ali,35.0,2,78000.0,2020-12-31,1,9.1,6900.0,13,1,6,84900.0,Excellent,Mid,0.0,Promote
591,492,Sara,39.0,1,66000.0,2019-12-31,2,9.0,6100.0,15,0,7,72100.0,Excellent,Senior,0.0,Promote
592,493,Ahmed,43.0,0,91000.0,2018-10-20,0,9.9,8400.0,18,1,8,99400.0,Excellent,Senior,0.0,Promote
593,494,Ayesha,36.0,4,63000.0,2021-09-10,1,8.5,5000.0,12,0,5,68000.0,Good,Mid,0.0,Review
594,495,Usman,38.0,2,85000.0,2020-10-15,2,9.6,7600.0,14,1,6,92600.0,Excellent,Mid,0.0,Promote
595,496,Hina,34.0,1,65000.0,2022-10-01,0,8.9,5900.0,11,0,4,70900.0,Good,Mid,0.0,Review
596,497,Bilal,46.0,3,134000.0,2016-12-31,1,10.0,23000.0,23,1,10,157000.0,Excellent,Senior,0.0,Promote
597,498,Kiran,37.0,0,78000.0,2020-12-31,2,9.1,6700.0,13,0,6,84700.0,Excellent,Mid,0.0,Promote
598,499,Zara,33.0,2,74000.0,2023-07-20,1,8.6,4300.0,10,0,3,78300.0,Good,Mid,0.0,Review
599,500,Imran,50.0,3,140000.0,2014-10-31,0,10.0,27000.0,25,1,12,167000.0,Excellent,Senior,0.0,Promote
600,501,Ali,36.0,2,78500.0,2020-12-31,1,9.1,7000.0,14,1,6,85500.0,Excellent,Mid,0.0,Promote
601,502,Sara,40.0,1,66500.0,2019-12-31,2,9.0,6200.0,16,0,7,72700.0,Excellent,Senior,0.0,Promote
602,503,Ahmed,44.0,0,92000.0,2018-11-05,0,9.9,8500.0,19,1,8,100500.0,Excellent,Senior,0.0,Promote
603,504,Ayesha,37.0,4,64000.0,2021-10-12,1,8.6,5100.0,13,0,5,69100.0,Good,Mid,0.0,Review
604,505,Usman,39.0,2,86000.0,2020-11-18,2,9.7,7700.0,15,1,6,93700.0,Excellent,Senior,0.0,Promote
605,506,Hina,35.0,1,66000.0,2022-10-20,0,9.0,6000.0,12,0,4,72000.0,Excellent,Mid,0.0,Promote
606,507,Bilal,47.0,3,135000.0,2016-12-31,1,10.0,24000.0,24,1,10,159000.0,Excellent,Senior,0.0,Promote
607,508,Kiran,38.0,0,79000.0,2020-12-31,2,9.2,6800.0,14,0,6,85800.0,Excellent,Mid,0.0,Promote
608,509,Zara,34.0,2,75000.0,2023-08-01,1,8.7,4400.0,11,0,3,79400.0,Good,Mid,0.0,Review
609,510,Imran,51.0,3,141000.0,2014-11-15,0,10.0,28000.0,26,1,12,169000.0,Excellent,Senior,0.0,Promote
610,511,Noor,31.0,4,54000.0,2022-11-10,2,7.6,3800.0,9,0,4,57800.0,Good,Mid,0.07,No Promotion
611,512,Farhan,39.0,2,82000.0,2019-12-31,1,9.4,7000.0,14,1,7,89000.0,Excellent,Mid,0.0,Promote
612,513,Sadia,34.0,0,78000.0,2021-10-01,0,9.2,6700.0,11,0,5,84700.0,Excellent,Mid,0.0,Promote
613,514,Rehman,43.0,4,64000.0,2018-12-31,2,8.1,5300.0,17,1,8,69300.0,Good,Senior,0.0,Review
614,515,Amna,35.0,1,71000.0,2020-12-31,1,9.0,6200.0,12,0,6,77200.0,Excellent,Mid,0.0,Promote
615,516,Tariq,47.0,3,126000.0,2015-12-20,0,9.9,18000.0,21,1,11,144000.0,Excellent,Senior,0.0,Promote
616,517,Laiba,30.0,2,74000.0,2022-12-31,2,8.5,4000.0,9,0,4,78000.0,Good,Mid,0.0,Review
617,518,Hassan,38.0,0,76000.0,2020-11-05,1,9.1,6900.0,13,1,6,82900.0,Excellent,Mid,0.0,Promote
618,519,Areeba,37.0,1,67000.0,2021-08-01,0,8.8,5900.0,11,0,5,72900.0,Good,Mid,0.0,Review
619,520,Sameer,41.0,4,66000.0,2019-10-15,2,8.3,5500.0,15,1,7,71500.0,Good,Senior,0.0,Review
620,521,Ali,37.0,2,79000.0,2020-12-31,1,9.2,7100.0,15,1,6,86100.0,Excellent,Senior,0.0,Promote
621,522,Sara,41.0,1,67500.0,2019-12-31,2,9.1,6300.0,17,0,7,73800.0,Excellent,Senior,0.0,Promote
622,523,Ahmed,45.0,0,93000.0,2018-12-01,0,10.0,8600.0,20,1,8,101600.0,Excellent,Senior,0.0,Promote
623,524,Ayesha,38.0,4,65000.0,2021-11-01,1,8.7,5200.0,14,0,5,70200.0,Good,Mid,0.0,Review
624,525,Usman,40.0,2,87000.0,2020-12-01,2,9.8,7800.0,16,1,6,94800.0,Excellent,Senior,0.0,Promote
625,526,Hina,36.0,1,67000.0,2022-11-01,0,9.1,6100.0,13,0,4,73100.0,Excellent,Mid,0.0,Promote
626,527,Bilal,48.0,3,136000.0,2016-12-31,1,10.0,25000.0,25,1,10,161000.0,Excellent,Senior,0.0,Promote
627,528,Kiran,39.0,0,80000.0,2020-12-31,2,9.3,6900.0,15,0,6,86900.0,Excellent,Senior,0.0,Promote
628,529,Zara,35.0,2,76000.0,2023-08-15,1,8.8,4500.0,12,0,3,80500.0,Good,Mid,0.0,Review
629,530,Imran,52.0,3,142000.0,2014-12-01,0,10.0,29000.0,27,1,12,171000.0,Excellent,Senior,0.0,Promote
630,531,Noor,32.0,4,55000.0,2022-12-01,2,7.7,3900.0,10,0,4,58900.0,Good,Mid,0.06,No Promotion
631,532,Farhan,40.0,2,83000.0,2019-12-31,1,9.5,7200.0,15,1,7,90200.0,Excellent,Senior,0.0,Promote
632,533,Sadia,35.0,0,79000.0,2021-11-01,0,9.3,6800.0,12,0,5,85800.0,Excellent,Mid,0.0,Promote
633,534,Rehman,44.0,4,65000.0,2018-12-31,2,8.2,5400.0,18,1,8,70400.0,Good,Senior,0.0,Review
634,535,Amna,36.0,1,72000.0,2020-12-31,1,9.1,6300.0,13,0,6,78300.0,Excellent,Mid,0.0,Promote
635,536,Tariq,48.0,3,127000.0,2015-12-31,0,10.0,18500.0,22,1,11,145500.0,Excellent,Senior,0.0,Promote
636,537,Laiba,31.0,2,75000.0,2022-12-31,2,8.6,4100.0,10,0,4,79100.0,Good,Mid,0.0,Review
637,538,Hassan,39.0,0,77000.0,2020-12-10,1,9.2,7000.0,14,1,6,84000.0,Excellent,Mid,0.0,Promote
638,539,Areeba,38.0,1,68000.0,2021-09-01,0,8.9,6000.0,12,0,5,74000.0,Good,Mid,0.0,Review
639,540,Sameer,42.0,4,67000.0,2019-11-01,2,8.4,5600.0,16,1,7,72600.0,Good,Senior,0.0,Review
640,541,Ali,38.0,2,80000.0,2020-12-31,1,9.3,7200.0,16,1,6,87200.0,Excellent,Senior,0.0,Promote
641,542,Sara,42.0,1,68000.0,2019-12-31,2,9.2,6400.0,18,0,7,74400.0,Excellent,Senior,0.0,Promote
642,543,Ahmed,46.0,0,94000.0,2018-12-20,0,10.0,8700.0,21,1,8,102700.0,Excellent,Senior,0.0,Promote
643,544,Ayesha,39.0,4,66000.0,2021-12-01,1,8.8,5300.0,15,0,5,71300.0,Good,Senior,0.0,Review
644,545,Usman,41.0,2,88000.0,2020-12-15,2,9.9,7900.0,17,1,6,95900.0,Excellent,Senior,0.0,Promote
645,546,Hina,37.0,1,67500.0,2022-12-01,0,9.2,6200.0,14,0,4,73700.0,Excellent,Mid,0.0,Promote
646,547,Bilal,49.0,3,137000.0,2016-12-31,1,10.0,26000.0,26,1,10,163000.0,Excellent,Senior,0.0,Promote
647,548,Kiran,40.0,0,81000.0,2020-12-31,2,9.4,7000.0,16,0,6,88000.0,Excellent,Senior,0.0,Promote
648,549,Zara,36.0,2,77000.0,2023-09-01,1,8.9,4600.0,13,0,3,81600.0,Good,Mid,0.0,Review
649,550,Imran,53.0,3,143000.0,2014-12-15,0,10.0,30000.0,28,1,12,173000.0,Excellent,Senior,0.0,Promote
650,551,Noor,33.0,4,56000.0,2022-12-10,2,7.8,4000.0,11,0,4,60000.0,Good,Mid,0.0,No Promotion
651,552,Farhan,41.0,2,84000.0,2019-12-31,1,9.6,7300.0,16,1,7,91300.0,Excellent,Senior,0.0,Promote
652,553,Sadia,36.0,0,80000.0,2021-12-01,0,9.4,6900.0,13,0,5,86900.0,Excellent,Mid,0.0,Promote
653,554,Rehman,45.0,4,66000.0,2018-12-31,2,8.3,5500.0,19,1,8,71500.0,Good,Senior,0.0,Review
654,555,Amna,37.0,1,73000.0,2020-12-31,1,9.2,6400.0,14,0,6,79400.0,Excellent,Mid,0.0,Promote
655,556,Tariq,49.0,3,128000.0,2015-12-31,0,10.0,19000.0,23,1,11,147000.0,Excellent,Senior,0.0,Promote
656,557,Laiba,32.0,2,76000.0,2022-12-31,2,8.7,4200.0,11,0,4,80200.0,Good,Mid,0.0,Review
657,558,Hassan,40.0,0,78000.0,2020-12-20,1,9.3,7100.0,15,1,6,85100.0,Excellent,Senior,0.0,Promote
658,559,Areeba,39.0,1,69000.0,2021-10-01,0,9.0,6100.0,13,0,5,75100.0,Excellent,Mid,0.0,Promote
659,560,Sameer,43.0,4,68000.0,2019-12-01,2,8.5,5700.0,17,1,7,73700.0,Good,Senior,0.0,Review
660,561,Ali,39.0,2,81000.0,2020-12-31,1,9.4,7300.0,17,1,6,88300.0,Excellent,Senior,0.0,Promote
661,562,Sara,43.0,1,69000.0,2019-12-31,2,9.3,6500.0,19,0,7,75500.0,Excellent,Senior,0.0,Promote
662,563,Ahmed,47.0,0,95000.0,2018-12-31,0,10.0,8800.0,22,1,8,103800.0,Excellent,Senior,0.0,Promote
663,564,Ayesha,40.0,4,67000.0,2021-12-15,1,8.9,5400.0,16,0,5,72400.0,Good,Senior,0.0,Review
664,565,Usman,42.0,2,89000.0,2020-12-31,2,10.0,8000.0,18,1,6,97000.0,Excellent,Senior,0.0,Promote
665,566,Hina,38.0,1,68000.0,2022-12-15,0,9.3,6300.0,15,0,4,74300.0,Excellent,Senior,0.0,Promote
666,567,Bilal,50.0,3,138000.0,2016-12-31,1,10.0,27000.0,27,1,10,165000.0,Excellent,Senior,0.0,Promote
667,568,Kiran,41.0,0,82000.0,2020-12-31,2,9.5,7100.0,17,0,6,89100.0,Excellent,Senior,0.0,Promote
668,569,Zara,37.0,2,78000.0,2023-09-15,1,9.0,4700.0,14,0,3,82700.0,Excellent,Mid,0.0,Promote
669,570,Imran,54.0,3,144000.0,2014-12-31,0,10.0,31000.0,29,1,12,175000.0,Excellent,Senior,0.0,Promote
670,571,Noor,34.0,4,57000.0,2022-12-20,2,7.9,4100.0,12,0,4,61100.0,Good,Mid,0.0,No Promotion
671,572,Farhan,42.0,2,85000.0,2019-12-31,1,9.7,7400.0,17,1,7,92400.0,Excellent,Senior,0.0,Promote
672,573,Sadia,37.0,0,81000.0,2021-12-15,0,9.5,7000.0,14,0,5,88000.0,Excellent,Mid,0.0,Promote
673,574,Rehman,46.0,4,67000.0,2018-12-31,2,8.4,5600.0,20,1,8,72600.0,Good,Senior,0.0,Review
674,575,Amna,38.0,1,74000.0,2020-12-31,1,9.3,6500.0,15,0,6,80500.0,Excellent,Senior,0.0,Promote
675,576,Tariq,50.0,3,129000.0,2015-12-31,0,10.0,19500.0,24,1,11,148500.0,Excellent,Senior,0.0,Promote
676,577,Laiba,33.0,2,77000.0,2022-12-31,2,8.8,4300.0,12,0,4,81300.0,Good,Mid,0.0,Review
677,578,Hassan,41.0,0,79000.0,2020-12-31,1,9.4,7200.0,16,1,6,86200.0,Excellent,Senior,0.0,Promote
678,579,Areeba,40.0,1,70000.0,2021-11-01,0,9.1,6200.0,14,0,5,76200.0,Excellent,Mid,0.0,Promote
679,580,Sameer,44.0,4,69000.0,2019-12-31,2,8.6,5800.0,18,1,7,74800.0,Good,Senior,0.0,Review
680,581,Ali,40.0,2,82000.0,2020-12-31,1,9.5,7400.0,18,1,6,89400.0,Excellent,Senior,0.0,Promote
681,582,Sara,44.0,1,70000.0,2019-12-31,2,9.4,6600.0,20,0,7,76600.0,Excellent,Senior,0.0,Promote
682,583,Ahmed,48.0,0,96000.0,2018-12-31,0,10.0,8900.0,23,1,8,104900.0,Excellent,Senior,0.0,Promote
683,584,Ayesha,41.0,4,68000.0,2021-12-31,1,9.0,5500.0,17,0,5,73500.0,Excellent,Senior,0.0,Promote
684,585,Usman,43.0,2,90000.0,2020-12-31,2,10.0,8100.0,19,1,6,98100.0,Excellent,Senior,0.0,Promote
685,586,Hina,39.0,1,69000.0,2022-12-31,0,9.4,6400.0,16,0,4,75400.0,Excellent,Senior,0.0,Promote
686,587,Bilal,51.0,3,139000.0,2016-12-31,1,10.0,28000.0,28,1,10,167000.0,Excellent,Senior,0.0,Promote
687,588,Kiran,42.0,0,83000.0,2020-12-31,2,9.6,7200.0,18,0,6,90200.0,Excellent,Senior,0.0,Promote
688,589,Zara,38.0,2,79000.0,2023-09-30,1,9.1,4800.0,15,0,3,83800.0,Excellent,Senior,0.01,Promote
689,590,Imran,55.0,3,145000.0,2014-12-31,0,10.0,32000.0,30,1,12,177000.0,Excellent,Senior,0.0,Promote
690,591,Noor,35.0,4,58000.0,2022-12-31,2,8.0,4200.0,13,0,4,62200.0,Good,Mid,0.0,Review
691,592,Farhan,43.0,2,86000.0,2019-12-31,1,9.8,7500.0,18,1,7,93500.0,Excellent,Senior,0.0,Promote
692,593,Sadia,38.0,0,82000.0,2021-12-31,0,9.6,7100.0,15,0,5,89100.0,Excellent,Senior,0.0,Promote
693,594,Rehman,47.0,4,68000.0,2018-12-31,2,8.5,5700.0,21,1,8,73700.0,Good,Senior,0.0,Review
694,595,Amna,39.0,1,75000.0,2020-12-31,1,9.4,6600.0,16,0,6,81600.0,Excellent,Senior,0.0,Promote
695,596,Tariq,51.0,3,130000.0,2015-12-31,0,10.0,20000.0,25,1,11,150000.0,Excellent,Senior,0.0,Promote
696,597,Laiba,34.0,2,78000.0,2022-12-31,2,8.9,4400.0,13,0,4,82400.0,Good,Mid,0.0,Review
697,598,Hassan,42.0,0,80000.0,2020-12-31,1,9.5,7300.0,17,1,6,87300.0,Excellent,Senior,0.0,Promote
698,599,Areeba,41.0,1,71000.0,2021-12-01,0,9.2,6300.0,15,0,5,77300.0,Excellent,Senior,0.0,Promote
699,600,Sameer,45.0,4,70000.0,2019-12-31,2,8.7,5900.0,19,1,7,75900.0,Good,Senior,0.0,Review
