CustomerID,Name,Age,City,JoinDate,LastPurchaseDate,TotalOrders,TotalSpent,AvgOrderValue,PaymentMethod
C01,Ali,25,Karachi,2021-01-10,2023-07-01,15,150000,10000,Card
C02,Sara,28,Lahore,2020-03-15,2023-06-20,20,300000,15000,Cash
C03,Usman,30,Islamabad,2019-07-22,2022-12-15,10,80000,8000,Card
C04,Ayesha,29,Karachi,2022-05-10,2023-07-10,8,60000,7500,Card
C05,Hassan,27,Lahore,2021-11-01,2023-05-05,12,120000,10000,Cash
C06,Zara,26,Islamabad,2020-09-18,2023-06-30,18,220000,12222,Card
C07,Ahmed,32,Karachi,2018-02-25,2023-07-15,25,500000,20000,Card
C08,Noor,29,Lahore,2022-06-30,2023-04-10,6,40000,6666,Cash
C09,Imran,31,Islamabad,2021-12-12,2023-07-01,14,180000,12857,Card
C10,Hina,24,Karachi,2023-01-05,2023-07-12,5,30000,6000,Cash
C11,Sara,43,Faisalabad,2020-09-30,2021-06-15,11,82368,7488,Card
C12,Ayesha,20,Lahore,2020-06-14,2021-03-09,35,791093,22603,Cash
C13,Iqra,33,Rawalpindi,2023-01-14,2023-07-13,20,86420,4321,Cash
C14,Aisha,28,Islamabad,2020-05-31,2021-06-09,9,62590,6954,Mobile Wallet
C15,Anum,28,Karachi,2023-02-25,2023-06-03,10,157121,15712,Mobile Wallet
C16,Anum,31,Sialkot,2020-02-27,2020-06-07,5,58900,11780,Card
C17,Noor,32,Faisalabad,2023-02-01,2023-06-04,13,206655,15897,Mobile Wallet
C18,Zara,39,Gujranwala,2019-12-02,2021-06-30,18,167736,9319,Mobile Wallet
C19,Iqra,27,Gujranwala,2021-08-21,2021-11-16,17,88486,5205,Bank Transfer
C20,Omar,38,Multan,2020-05-20,2022-04-21,34,598963,17617,Bank Transfer
C21,Usman,27,Hyderabad,2020-12-12,2022-09-01,30,686652,22888,Cash
C22,Hina,36,Quetta,2019-01-08,2019-03-27,10,91228,9123,Bank Transfer
C23,Maryam,32,Sialkot,2023-04-02,2023-07-08,19,435600,22926,Card
C24,Noor,41,Hyderabad,2020-12-28,2022-11-14,24,179926,7497,Cash
C25,Talha,36,Islamabad,2023-09-11,2023-10-11,22,549034,24956,Cash
C26,Hamza,37,Hyderabad,2018-01-03,2019-10-08,23,438114,19048,Mobile Wallet
C27,Tania,27,Karachi,2020-09-13,2022-05-16,8,55710,6964,Card
C28,Iqra,44,Islamabad,2019-06-10,2021-05-15,33,702166,21278,Bank Transfer
C29,Iqra,44,Rawalpindi,2021-06-30,2022-09-11,26,496300,19088,Bank Transfer
C30,Bilal,22,Multan,2018-03-28,2019-12-20,38,442398,11642,Card
C31,Ali,27,Lahore,2018-05-09,2019-05-12,7,142105,20301,Bank Transfer
C32,Usman,43,Sialkot,2023-04-21,2023-06-21,33,554440,16801,Card
C33,Fatima,33,Peshawar,2023-03-28,2023-07-29,6,41439,6906,Mobile Wallet
C34,Noor,27,Rawalpindi,2020-02-19,2021-09-20,31,264302,8526,Mobile Wallet
C35,Imran,34,Hyderabad,2019-02-06,2019-04-28,37,173650,4693,Cash
C36,Arslan,35,Rawalpindi,2022-07-01,2022-08-30,13,202808,15601,Bank Transfer
C37,Khalid,29,Peshawar,2023-06-17,2023-07-19,15,200019,13335,Card
C38,Iqra,21,Multan,2018-08-23,2018-11-12,40,785143,19629,Cash
C39,Fahad,22,Islamabad,2018-10-08,2020-07-08,7,81160,11594,Cash
C40,Ayesha,39,Lahore,2022-09-14,2023-07-30,36,539657,14990,Cash
C41,Aisha,27,Faisalabad,2022-06-10,2022-09-15,22,409927,18633,Card
C42,Noman,38,Lahore,2018-10-28,2020-05-30,16,321486,20093,Mobile Wallet
C43,Uzma,31,Faisalabad,2019-10-09,2021-01-29,37,520492,14067,Card
C44,Iqra,29,Gujranwala,2019-03-01,2019-08-15,19,153620,8085,Cash
C45,Noman,26,Multan,2020-04-13,2022-02-21,19,390210,20537,Card
C46,Danish,28,Karachi,2018-01-15,2019-01-21,11,286764,26069,Cash
C47,Iqra,42,Peshawar,2018-02-09,2018-07-03,7,62471,8924,Mobile Wallet
C48,Hina,33,Islamabad,2018-06-21,2019-06-01,26,143486,5519,Cash
C49,Noor,31,Hyderabad,2022-07-23,2023-07-05,12,146228,12186,Cash
C50,Sara,25,Multan,2022-08-14,2023-01-18,20,189616,9481,Card
C51,Ali,35,Rawalpindi,2020-03-28,2021-08-11,25,361218,14449,Cash
C52,Omar,32,Multan,2021-02-15,2021-05-27,20,314507,15725,Bank Transfer
C53,Iqra,30,Karachi,2019-04-18,2020-02-09,14,337245,24089,Mobile Wallet
C54,Noman,33,Multan,2021-07-08,2022-10-27,35,269485,7700,Cash
C55,Danish,20,Hyderabad,2020-03-18,2021-04-24,30,197232,6574,Mobile Wallet
C56,Noor,43,Faisalabad,2023-09-09,2023-10-09,29,421794,14545,Mobile Wallet
C57,Sana,33,Gujranwala,2022-04-02,2023-04-13,14,340704,24336,Bank Transfer
C58,Sara,29,Faisalabad,2020-05-10,2021-08-23,40,969936,24248,Bank Transfer
C59,Omar,36,Quetta,2019-11-27,2021-10-31,8,106556,13320,Mobile Wallet
C60,Bilal,41,Faisalabad,2020-07-09,2021-02-27,12,54986,4582,Bank Transfer
C61,Zara,34,Peshawar,2020-03-07,2021-05-04,34,566349,16657,Card
C62,Noor,44,Peshawar,2020-06-15,2021-01-11,36,660867,18357,Cash
C63,Noor,34,Islamabad,2023-03-19,2023-07-12,36,810971,22527,Bank Transfer
C64,Mahnoor,33,Hyderabad,2023-01-01,2023-03-12,33,603753,18296,Cash
C65,Nadia,44,Hyderabad,2023-06-08,2023-07-28,18,232557,12920,Mobile Wallet
C66,Zain,30,Hyderabad,2018-11-27,2019-05-17,12,137299,11442,Cash
C67,Zara,33,Peshawar,2021-09-17,2023-04-25,32,539281,16853,Bank Transfer
C68,Waqar,42,Karachi,2022-04-08,2023-01-07,3,45639,15213,Bank Transfer
C69,Bushra,37,Hyderabad,2020-06-22,2021-12-03,17,218619,12860,Card
C70,Ibrahim,43,Islamabad,2023-03-30,2023-05-15,37,188023,5082,Card
C71,Danish,24,Quetta,2020-01-15,2020-04-05,19,306631,16138,Bank Transfer
C72,Ibrahim,28,Peshawar,2020-10-30,2021-02-20,33,156763,4750,Card
C73,Fatima,27,Gujranwala,2018-10-09,2020-09-05,5,26207,5241,Cash
C74,Anum,24,Rawalpindi,2019-06-02,2020-10-28,10,234865,23486,Bank Transfer
C75,Fatima,25,Sialkot,2019-04-15,2019-10-29,22,167229,7601,Mobile Wallet
C76,Maryam,32,Rawalpindi,2018-11-08,2020-08-05,18,134706,7484,Mobile Wallet
C77,Anum,45,Lahore,2018-06-18,2019-07-08,37,678148,18328,Card
C78,Aisha,20,Peshawar,2023-07-01,2023-07-31,30,482494,16083,Bank Transfer
C79,Bushra,25,Hyderabad,2021-01-11,2022-11-02,37,731612,19773,Mobile Wallet
C80,Bilal,22,Faisalabad,2023-01-21,2023-04-23,32,733508,22922,Bank Transfer
C81,Arslan,30,Islamabad,2023-06-21,2023-07-24,25,306649,12266,Mobile Wallet
C82,Mahnoor,26,Lahore,2020-09-15,2021-12-05,34,774007,22765,Bank Transfer
C83,Kiran,34,Karachi,2019-01-17,2019-12-14,17,298891,17582,Mobile Wallet
C84,Fatima,35,Hyderabad,2023-12-15,2024-01-14,30,649864,21662,Bank Transfer
C85,Talha,27,Lahore,2020-02-28,2021-02-15,10,225310,22531,Cash
C86,Arslan,28,Sialkot,2023-11-19,2023-12-19,9,91340,10149,Mobile Wallet
C87,Ahmed,42,Hyderabad,2019-06-03,2020-04-08,5,29084,5817,Cash
C88,Kiran,23,Karachi,2021-03-10,2022-08-02,33,598599,18139,Card
C89,Arslan,23,Lahore,2022-06-30,2023-04-07,7,162424,23203,Card
C90,Waqar,29,Lahore,2020-10-13,2021-03-13,38,677331,17824,Cash
C91,Maryam,34,Quetta,2021-05-02,2023-01-24,30,423063,14102,Card
C92,Noor,44,Rawalpindi,2020-05-14,2021-03-10,8,71264,8908,Card
C93,Danish,34,Sialkot,2023-04-09,2023-06-15,5,56697,11339,Mobile Wallet
C94,Saima,22,Gujranwala,2020-08-14,2021-06-10,40,416141,10404,Cash
C95,Nadia,24,Lahore,2018-09-02,2019-03-20,22,529826,24083,Mobile Wallet
C96,Khalid,42,Faisalabad,2022-07-07,2022-12-23,35,758818,21681,Card
C97,Bushra,43,Multan,2020-10-22,2020-12-17,8,96257,12032,Card
C98,Nadia,38,Karachi,2019-12-19,2021-05-13,36,693335,19259,Cash
C99,Bushra,40,Quetta,2019-01-09,2020-06-03,25,427257,17090,Card
C100,Aisha,33,Quetta,2021-03-26,2023-03-04,28,588128,21005,Card
C101,Zain,23,Peshawar,2023-10-09,2023-11-08,37,701963,18972,Cash
C102,Anum,44,Quetta,2022-12-16,2023-07-28,6,62528,10421,Cash
C103,Saima,42,Quetta,2019-05-13,2019-07-11,18,162271,9015,Card
C104,Zara,27,Lahore,2023-03-06,2023-04-20,12,254515,21210,Mobile Wallet
C105,Nadia,33,Quetta,2023-04-19,2023-06-19,32,680927,21279,Cash
C106,Mahnoor,43,Islamabad,2018-10-13,2019-08-21,29,458035,15794,Mobile Wallet
C107,Tania,43,Faisalabad,2023-06-29,2023-07-29,31,670037,21614,Mobile Wallet
C108,Iqra,32,Quetta,2021-08-11,2022-03-22,18,404458,22470,Bank Transfer
C109,Arslan,42,Peshawar,2022-05-01,2023-05-05,12,254044,21170,Cash
C110,Laiba,30,Lahore,2022-12-09,2023-02-02,36,649890,18052,Cash
C111,Usman,22,Quetta,2020-12-21,2022-01-01,28,192199,6864,Bank Transfer
C112,Kiran,37,Karachi,2018-10-08,2019-07-05,21,246469,11737,Bank Transfer
C113,Noor,34,Islamabad,2021-05-11,2021-07-09,5,75311,15062,Mobile Wallet
C114,Danish,24,Rawalpindi,2023-12-16,2024-01-15,39,373358,9573,Card
C115,Maryam,39,Gujranwala,2020-09-13,2022-03-06,40,338251,8456,Mobile Wallet
C116,Ahmed,45,Quetta,2021-03-24,2023-03-17,37,325044,8785,Mobile Wallet
C117,Tania,40,Peshawar,2020-10-21,2022-03-02,22,243159,11053,Bank Transfer
C118,Ibrahim,38,Multan,2021-04-26,2022-03-24,4,66345,16586,Card
C119,Kiran,29,Rawalpindi,2021-12-14,2022-08-25,15,356068,23738,Cash
C120,Ayesha,29,Quetta,2018-05-17,2020-01-30,26,207104,7966,Mobile Wallet
C121,Danish,25,Rawalpindi,2019-06-26,2021-01-28,26,556343,21398,Mobile Wallet
C122,Nadia,35,Faisalabad,2021-10-19,2022-03-15,32,199509,6235,Cash
C123,Maryam,45,Hyderabad,2022-02-07,2022-04-24,28,121829,4351,Card
C124,Talha,38,Peshawar,2022-03-02,2022-05-26,17,314928,18525,Mobile Wallet
C125,Uzma,40,Lahore,2023-03-17,2023-07-14,22,367682,16713,Card
C126,Tania,35,Lahore,2019-02-03,2019-10-31,37,308985,8351,Mobile Wallet
C127,Iqra,33,Sialkot,2019-09-25,2020-12-22,9,182391,20266,Mobile Wallet
C128,Yusuf,26,Quetta,2022-12-27,2023-03-27,26,197701,7604,Mobile Wallet
C129,Fatima,21,Peshawar,2021-02-04,2021-09-16,10,181282,18128,Cash
C130,Anum,20,Karachi,2021-09-28,2022-07-04,11,240203,21837,Cash
C131,Uzma,30,Islamabad,2018-01-12,2018-11-21,12,99506,8292,Cash
C132,Ahmed,24,Karachi,2022-01-07,2022-10-07,40,556064,13902,Mobile Wallet
C133,Danish,36,Lahore,2018-09-18,2020-02-17,31,492403,15884,Card
C134,Bilal,39,Karachi,2023-11-06,2023-12-06,32,153585,4800,Bank Transfer
C135,Bushra,41,Lahore,2023-07-02,2023-08-01,7,45701,6529,Cash
C136,Talha,39,Gujranwala,2021-08-24,2022-10-18,36,489591,13600,Bank Transfer
C137,Hassan,40,Gujranwala,2020-05-30,2021-09-12,31,353027,11388,Bank Transfer
C138,Hassan,30,Peshawar,2021-07-04,2023-06-15,19,323052,17003,Bank Transfer
C139,Imran,22,Peshawar,2019-01-31,2020-03-17,11,233780,21253,Mobile Wallet
C140,Bushra,31,Gujranwala,2022-09-29,2022-11-24,21,487829,23230,Card
C141,Sana,24,Gujranwala,2023-05-30,2023-07-13,9,144057,16006,Mobile Wallet
C142,Talha,38,Rawalpindi,2022-10-24,2023-06-27,38,936654,24649,Card
C143,Nadia,20,Islamabad,2021-01-24,2022-01-05,24,353672,14736,Cash
C144,Maryam,22,Islamabad,2018-05-06,2018-09-06,36,392839,10912,Bank Transfer
C145,Yusuf,29,Multan,2018-12-14,2019-03-07,12,112692,9391,Card
C146,Nadia,34,Gujranwala,2022-10-03,2023-07-08,31,532345,17172,Card
C147,Hassan,29,Gujranwala,2023-06-17,2023-07-25,22,117361,5335,Card
C148,Farhan,26,Islamabad,2020-11-12,2021-10-04,23,173433,7541,Bank Transfer
C149,Ibrahim,37,Rawalpindi,2023-08-12,2023-09-11,7,123384,17626,Card
C150,Khalid,22,Multan,2022-10-25,2023-04-19,28,693572,24770,Card
C151,Zain,25,Sialkot,2023-02-28,2023-07-14,26,177928,6843,Card
C152,Waqar,32,Hyderabad,2018-11-19,2020-01-28,22,323485,14704,Cash
C153,Hassan,36,Hyderabad,2020-03-05,2021-03-27,25,215147,8606,Cash
C154,Hamza,39,Islamabad,2018-11-05,2019-06-04,34,669479,19691,Bank Transfer
C155,Laiba,40,Gujranwala,2021-08-16,2023-06-19,23,204518,8892,Bank Transfer
C156,Farhan,45,Faisalabad,2018-08-19,2019-09-13,35,220817,6309,Bank Transfer
C157,Yusuf,29,Lahore,2019-01-05,2020-10-25,35,578763,16536,Card
C158,Waqar,40,Rawalpindi,2021-08-09,2023-05-20,33,650587,19715,Card
C159,Zain,42,Lahore,2023-08-29,2023-09-28,5,61847,12369,Bank Transfer
C160,Anum,25,Multan,2022-03-08,2023-07-20,21,347375,16542,Mobile Wallet
C161,Ayesha,45,Gujranwala,2021-10-02,2022-01-07,24,171291,7137,Bank Transfer
C162,Noman,24,Multan,2018-11-30,2020-08-17,12,182022,15168,Bank Transfer
C163,Imran,29,Hyderabad,2022-03-23,2023-03-17,24,199830,8326,Card
C164,Bushra,36,Multan,2018-03-16,2019-04-21,22,227764,10353,Mobile Wallet
C165,Kiran,26,Rawalpindi,2019-07-18,2020-01-22,7,99145,14164,Card
C166,Iqra,43,Hyderabad,2018-06-04,2020-05-11,24,560550,23356,Bank Transfer
C167,Hamza,42,Sialkot,2019-11-10,2021-03-02,5,86130,17226,Cash
C168,Anum,29,Quetta,2020-08-16,2022-03-15,18,266370,14798,Bank Transfer
C169,Sana,31,Gujranwala,2022-12-10,2023-05-07,21,346873,16518,Bank Transfer
C170,Sana,45,Sialkot,2019-07-21,2020-05-02,6,122914,20486,Card
C171,Mahnoor,23,Faisalabad,2018-12-10,2019-06-22,20,389637,19482,Cash
C172,Zara,27,Quetta,2021-12-02,2022-01-28,29,164879,5685,Mobile Wallet
C173,Imran,31,Rawalpindi,2018-04-26,2019-04-17,9,138803,15423,Cash
C174,Arslan,42,Islamabad,2023-04-06,2023-07-02,3,18836,6279,Cash
C175,Iqra,43,Sialkot,2023-12-02,2024-01-01,10,130873,13087,Card
C176,Danish,40,Sialkot,2023-02-16,2023-04-03,10,205751,20575,Card
C177,Laiba,27,Islamabad,2021-04-08,2022-07-21,3,71371,23790,Bank Transfer
C178,Imran,36,Multan,2018-10-05,2020-04-25,37,784943,21215,Card
C179,Arslan,21,Gujranwala,2022-05-04,2022-12-11,19,84877,4467,Card
C180,Hassan,44,Sialkot,2021-09-23,2022-03-08,5,78077,15615,Cash
C181,Saima,42,Quetta,2020-01-17,2020-07-03,7,126821,18117,Cash
C182,Omar,21,Multan,2021-06-24,2023-01-02,28,608608,21736,Card
C183,Sana,29,Multan,2018-07-15,2020-06-15,24,299174,12466,Mobile Wallet
C184,Ibrahim,43,Quetta,2022-05-03,2022-11-22,14,289073,20648,Mobile Wallet
C185,Mahnoor,28,Lahore,2022-10-05,2022-12-14,30,747492,24916,Cash
C186,Aisha,23,Lahore,2021-09-05,2022-08-03,22,413643,18802,Bank Transfer
C187,Khalid,31,Quetta,2018-06-23,2019-07-19,30,395317,13177,Card
C188,Ibrahim,31,Hyderabad,2019-10-18,2019-12-18,12,292005,24334,Bank Transfer
C189,Imran,27,Gujranwala,2022-02-09,2022-09-12,27,581331,21531,Cash
C190,Fatima,31,Quetta,2018-11-11,2020-07-20,11,231714,21065,Mobile Wallet
C191,Uzma,23,Karachi,2020-02-02,2021-07-27,36,625312,17370,Card
C192,Talha,42,Quetta,2020-05-28,2022-03-15,21,409342,19492,Cash
C193,Saima,25,Quetta,2018-12-26,2020-12-23,23,361246,15706,Mobile Wallet
C194,Rabia,42,Gujranwala,2019-12-15,2021-01-18,35,382107,10917,Cash
C195,Uzma,45,Quetta,2018-04-18,2019-05-22,38,853242,22454,Cash
C196,Zara,22,Faisalabad,2022-06-19,2023-07-21,33,694176,21036,Bank Transfer
C197,Zara,24,Multan,2018-10-31,2020-03-04,32,660039,20626,Cash
C198,Hina,33,Hyderabad,2018-08-15,2019-01-19,36,318147,8837,Cash
C199,Bilal,31,Hyderabad,2021-03-09,2021-06-27,19,200884,10573,Mobile Wallet
C200,Farhan,39,Hyderabad,2019-01-18,2020-07-15,13,317525,24425,Cash
C201,Noman,43,Sialkot,2021-10-14,2023-06-13,5,23612,4722,Mobile Wallet
C202,Laiba,33,Sialkot,2018-05-05,2019-10-26,37,506250,13682,Mobile Wallet
C203,Ibrahim,29,Quetta,2018-10-26,2019-01-25,13,237233,18249,Bank Transfer
C204,Noman,24,Multan,2021-07-31,2022-08-18,28,237998,8500,Card
C205,Khalid,23,Faisalabad,2023-01-16,2023-04-19,12,82196,6850,Bank Transfer
C206,Bushra,27,Islamabad,2021-09-03,2023-05-17,23,241244,10489,Bank Transfer
C207,Saima,35,Faisalabad,2023-07-31,2023-08-30,8,135153,16894,Cash
C208,Yusuf,21,Karachi,2021-02-26,2022-08-16,33,442596,13412,Card
C209,Talha,43,Multan,2022-07-10,2023-02-12,5,81786,16357,Cash
C210,Farhan,22,Peshawar,2023-08-28,2023-09-27,38,516544,13593,Card
C211,Hassan,32,Multan,2021-10-20,2023-06-13,26,220073,8464,Bank Transfer
C212,Ayesha,21,Islamabad,2021-09-26,2023-02-23,36,659084,18308,Cash
C213,Noman,30,Islamabad,2022-05-29,2023-05-09,22,507566,23071,Bank Transfer
C214,Tania,35,Karachi,2022-02-17,2022-09-04,10,177967,17797,Card
C215,Nadia,40,Sialkot,2020-07-21,2020-10-11,40,763699,19092,Bank Transfer
C216,Bilal,21,Sialkot,2019-03-27,2019-11-07,4,72428,18107,Cash
C217,Omar,33,Hyderabad,2023-04-16,2023-05-23,11,224196,20381,Mobile Wallet
C218,Kiran,36,Peshawar,2021-07-09,2022-02-01,32,676175,21130,Mobile Wallet
C219,Nadia,39,Quetta,2020-02-27,2020-12-05,20,436758,21838,Mobile Wallet
C220,Sana,42,Quetta,2021-07-22,2022-12-25,25,583400,23336,Mobile Wallet
C221,Waqar,41,Hyderabad,2022-04-05,2022-11-23,25,215365,8615,Mobile Wallet
C222,Zara,31,Quetta,2020-11-16,2022-04-20,16,175509,10969,Mobile Wallet
C223,Nadia,24,Lahore,2020-09-07,2021-06-12,6,124883,20814,Cash
C224,Danish,30,Quetta,2019-02-16,2021-02-12,11,47989,4363,Cash
C225,Arslan,35,Gujranwala,2020-03-27,2021-02-14,23,311576,13547,Card
C226,Uzma,37,Karachi,2019-12-19,2021-03-20,14,76272,5448,Bank Transfer
C227,Rabia,43,Faisalabad,2018-06-03,2018-07-12,22,502532,22842,Mobile Wallet
C228,Saad,36,Quetta,2019-07-04,2020-12-31,32,401359,12542,Card
C229,Khalid,40,Faisalabad,2020-02-02,2020-03-17,24,330231,13760,Cash
C230,Ibrahim,33,Hyderabad,2021-09-05,2022-01-01,28,193211,6900,Cash
C231,Bilal,20,Faisalabad,2022-04-21,2022-09-18,31,413130,13327,Mobile Wallet
C232,Laiba,20,Faisalabad,2022-01-12,2022-10-10,6,47074,7846,Cash
C233,Fahad,42,Faisalabad,2019-04-26,2021-03-10,21,340764,16227,Cash
C234,Kiran,24,Quetta,2022-03-11,2022-11-08,38,757263,19928,Cash
C235,Anum,45,Lahore,2023-11-23,2023-12-23,36,546664,15185,Card
C236,Saad,36,Rawalpindi,2019-09-06,2020-03-22,23,481334,20928,Cash
C237,Kiran,22,Hyderabad,2022-12-30,2023-02-12,32,266688,8334,Bank Transfer
C238,Iqra,34,Gujranwala,2021-06-16,2021-08-07,28,356396,12728,Cash
C239,Ayesha,33,Multan,2018-09-19,2020-04-25,6,39392,6565,Bank Transfer
C240,Danish,25,Islamabad,2022-09-18,2023-04-27,27,523478,19388,Bank Transfer
C241,Saad,24,Gujranwala,2021-11-25,2022-04-25,14,299221,21373,Cash
C242,Uzma,20,Karachi,2021-05-07,2022-09-23,37,664303,17954,Cash
C243,Yusuf,24,Faisalabad,2020-02-12,2020-07-06,5,89704,17941,Card
C244,Imran,23,Sialkot,2018-05-18,2019-09-17,6,73848,12308,Bank Transfer
C245,Saad,26,Karachi,2019-07-28,2021-01-23,21,252873,12042,Mobile Wallet
C246,Aisha,27,Faisalabad,2019-08-10,2021-07-16,36,401249,11146,Mobile Wallet
C247,Waqar,43,Islamabad,2022-10-16,2023-07-26,6,95759,15960,Bank Transfer
C248,Aisha,42,Peshawar,2022-07-31,2022-11-14,22,348009,15819,Bank Transfer
C249,Bilal,29,Islamabad,2023-03-12,2023-04-18,38,696982,18342,Cash
C250,Talha,26,Multan,2018-11-20,2020-03-24,26,183405,7054,Cash
C251,Ibrahim,41,Sialkot,2018-06-11,2018-09-23,15,356618,23775,Cash
C252,Zain,29,Karachi,2020-05-17,2020-12-27,10,205091,20509,Cash
C253,Bilal,37,Multan,2021-03-05,2022-04-28,32,697777,21806,Mobile Wallet
C254,Fahad,35,Quetta,2019-02-08,2020-07-02,23,241919,10518,Bank Transfer
C255,Bilal,43,Islamabad,2018-03-08,2018-12-30,38,886164,23320,Bank Transfer
C256,Omar,30,Rawalpindi,2022-04-05,2023-02-20,18,368354,20464,Mobile Wallet
C257,Arslan,43,Gujranwala,2023-07-03,2023-08-02,13,195338,15026,Bank Transfer
C258,Saad,40,Karachi,2023-11-17,2023-12-17,7,40157,5737,Bank Transfer
C259,Bilal,22,Islamabad,2018-02-07,2018-10-18,35,654563,18702,Bank Transfer
C260,Sara,20,Hyderabad,2022-08-12,2022-09-17,4,87285,21821,Mobile Wallet
C261,Danish,45,Islamabad,2019-03-15,2019-07-21,36,311364,8649,Mobile Wallet
C262,Nadia,45,Peshawar,2018-11-20,2020-01-06,28,536585,19164,Cash
C263,Imran,40,Gujranwala,2018-05-10,2018-09-12,28,454306,16225,Bank Transfer
C264,Ahmed,42,Islamabad,2018-12-05,2020-05-29,30,448584,14953,Card
C265,Ayesha,27,Rawalpindi,2023-05-02,2023-06-18,5,32773,6555,Mobile Wallet
C266,Laiba,41,Karachi,2020-01-05,2020-12-22,4,43527,10882,Bank Transfer
C267,Tania,25,Sialkot,2020-09-11,2022-05-14,27,576386,21348,Cash
C268,Zara,36,Multan,2018-08-08,2018-12-16,30,359971,11999,Mobile Wallet
C269,Anum,39,Peshawar,2021-08-29,2021-10-28,20,374907,18745,Mobile Wallet
C270,Maryam,33,Islamabad,2022-04-06,2022-06-18,21,258978,12332,Card
C271,Ibrahim,42,Gujranwala,2019-09-24,2020-11-25,23,349521,15197,Card
C272,Saima,31,Faisalabad,2019-02-23,2019-08-07,8,80560,10070,Bank Transfer
C273,Imran,31,Hyderabad,2019-01-17,2020-10-19,23,363684,15812,Bank Transfer
C274,Imran,43,Hyderabad,2020-09-21,2022-05-29,36,350391,9733,Cash
C275,Farhan,28,Quetta,2019-08-21,2019-11-23,13,231845,17834,Mobile Wallet
C276,Imran,31,Faisalabad,2020-10-07,2022-08-08,34,806842,23731,Bank Transfer
C277,Farhan,20,Peshawar,2021-09-22,2023-07-19,27,397157,14710,Bank Transfer
C278,Anum,24,Faisalabad,2021-08-06,2023-05-15,15,289950,19330,Bank Transfer
C279,Tania,43,Gujranwala,2023-07-05,2023-08-04,23,367158,15963,Bank Transfer
C280,Waqar,26,Sialkot,2020-01-07,2022-01-04,38,193880,5102,Bank Transfer
C281,Sana,34,Faisalabad,2018-10-11,2020-01-02,34,294920,8674,Cash
C282,Usman,42,Peshawar,2022-03-25,2022-05-31,31,729864,23544,Bank Transfer
C283,Bushra,37,Karachi,2022-01-12,2022-05-09,9,110927,12325,Mobile Wallet
C284,Noman,21,Sialkot,2022-06-25,2023-01-10,30,213159,7105,Mobile Wallet
C285,Fahad,37,Sialkot,2020-06-24,2021-10-23,26,435601,16754,Cash
C286,Ahmed,35,Lahore,2021-04-25,2022-07-24,8,64492,8062,Cash
C287,Zain,34,Rawalpindi,2023-11-05,2023-12-05,25,470331,18813,Bank Transfer
C288,Farhan,21,Lahore,2018-04-03,2019-04-19,9,88096,9788,Cash
C289,Iqra,25,Multan,2022-10-13,2023-07-06,17,297434,17496,Cash
C290,Bushra,32,Karachi,2020-03-19,2021-07-22,40,714962,17874,Cash
C291,Imran,38,Lahore,2020-02-05,2021-03-15,23,239490,10413,Mobile Wallet
C292,Kiran,36,Gujranwala,2021-07-07,2023-04-09,27,641864,23773,Card
C293,Khalid,39,Islamabad,2021-05-03,2023-02-21,40,275745,6894,Mobile Wallet
C294,Farhan,23,Islamabad,2022-03-10,2023-03-30,12,246080,20507,Cash
C295,Bushra,25,Quetta,2019-12-11,2021-07-31,13,255069,19621,Cash
C296,Khalid,39,Karachi,2022-01-10,2022-02-18,34,279299,8215,Bank Transfer
C297,Mahnoor,40,Quetta,2022-08-03,2023-05-11,29,537168,18523,Card
C298,Uzma,29,Karachi,2021-01-30,2021-10-17,37,481460,13012,Bank Transfer
C299,Kiran,37,Hyderabad,2019-04-09,2020-12-15,10,131295,13130,Mobile Wallet
C300,Ayesha,44,Quetta,2020-06-14,2021-09-22,9,106794,11866,Card
C301,Yusuf,22,Quetta,2019-04-26,2020-01-23,16,379280,23705,Bank Transfer
C302,Usman,45,Rawalpindi,2020-04-27,2020-07-26,39,606255,15545,Cash
C303,Farhan,29,Sialkot,2020-12-31,2022-07-10,9,79494,8833,Bank Transfer
C304,Nadia,40,Islamabad,2019-06-28,2020-04-08,12,180384,15032,Bank Transfer
C305,Waqar,40,Faisalabad,2022-08-24,2023-04-03,31,203375,6560,Card
C306,Talha,42,Multan,2023-02-06,2023-07-10,23,504188,21921,Card
C307,Saima,40,Gujranwala,2022-01-07,2022-04-11,37,612402,16551,Bank Transfer
C308,Kiran,28,Multan,2021-03-07,2022-03-17,38,839408,22090,Bank Transfer
C309,Ayesha,21,Lahore,2023-02-26,2023-03-30,10,91221,9122,Card
C310,Bushra,26,Islamabad,2021-05-21,2021-11-29,20,143342,7167,Mobile Wallet
C311,Hamza,20,Faisalabad,2020-09-30,2022-01-30,11,93562,8506,Card
C312,Saima,33,Karachi,2018-05-03,2018-12-10,16,202076,12630,Card
C313,Laiba,26,Sialkot,2022-09-15,2023-12-31,31,736863,23770,Card
C314,Farhan,42,Peshawar,2021-10-25,2023-06-16,12,151274,12606,Mobile Wallet
C315,Omar,22,Peshawar,2019-02-01,2021-03-07,25,604960,24198,Card
C316,Sana,37,Lahore,2022-03-31,2022-10-08,38,573310,15087,Mobile Wallet
C317,Bushra,26,Lahore,2018-07-07,2022-04-21,17,258139,15185,Cash
C318,Omar,32,Faisalabad,2023-02-01,2023-12-31,26,265067,10195,Cash
C319,Saad,42,Sialkot,2018-10-20,2022-04-19,13,299228,23018,Cash
C320,Sana,32,Faisalabad,2020-06-18,2023-12-31,23,152878,6647,Card
C321,Ayesha,32,Faisalabad,2018-09-29,2020-01-04,39,579969,14871,Bank Transfer
C322,Fatima,40,Quetta,2019-08-09,2021-03-03,11,147416,13401,Mobile Wallet
C323,Saima,33,Gujranwala,2022-06-24,2023-12-31,17,162198,9541,Card
C324,Hassan,23,Islamabad,2019-10-18,2023-09-10,30,704152,23472,Bank Transfer
C325,Nadia,34,Hyderabad,2020-10-26,2023-12-31,3,26736,8912,Mobile Wallet
C326,Sara,23,Faisalabad,2022-11-16,2023-11-04,32,170806,5338,Mobile Wallet
C327,Tania,44,Islamabad,2023-09-11,2023-12-31,22,481156,21871,Cash
C328,Hina,44,Islamabad,2023-12-13,2023-12-31,23,460009,20000,Mobile Wallet
C329,Zain,27,Karachi,2020-09-13,2023-12-18,8,63896,7987,Card
C330,Mahnoor,44,Islamabad,2019-06-10,2023-03-22,33,734061,22244,Bank Transfer
C331,Yusuf,37,Rawalpindi,2021-06-30,2023-10-25,26,523339,20128,Bank Transfer
C332,Hamza,27,Rawalpindi,2018-09-20,2020-09-11,4,97631,24408,Cash
C333,Ali,22,Sialkot,2018-08-30,2020-01-10,7,43720,6246,Card
C334,Tania,27,Faisalabad,2023-06-12,2023-12-31,37,353109,9543,Bank Transfer
C335,Waqar,45,Quetta,2022-07-26,2023-09-18,9,74753,8306,Mobile Wallet
C336,Anum,33,Quetta,2018-08-10,2022-06-19,9,62261,6918,Mobile Wallet
C337,Omar,27,Rawalpindi,2020-02-19,2023-03-23,31,295059,9518,Mobile Wallet
C338,Sana,27,Lahore,2022-12-21,2023-12-31,9,60824,6758,Card
C339,Bilal,44,Rawalpindi,2019-11-13,2022-03-24,34,686064,20178,Bank Transfer
C340,Hassan,25,Peshawar,2018-01-09,2020-04-17,19,370147,19481,Bank Transfer
C341,Danish,26,Faisalabad,2020-06-10,2020-11-06,40,870659,21766,Mobile Wallet
C342,Hassan,21,Gujranwala,2023-05-07,2023-12-31,36,349483,9708,Card
C343,Khalid,22,Gujranwala,2018-10-06,2022-08-18,18,315666,17537,Cash
C344,Saima,39,Karachi,2018-12-02,2021-05-08,40,942983,23575,Mobile Wallet
C345,Yusuf,41,Multan,2020-09-04,2022-03-31,28,264529,9447,Mobile Wallet
C346,Sana,30,Lahore,2018-02-08,2020-10-03,39,308990,7923,Cash
C347,Tania,28,Islamabad,2021-11-30,2022-05-19,18,301322,16740,Bank Transfer
C348,Mahnoor,42,Faisalabad,2023-12-07,2023-12-31,38,587078,15449,Card
C349,Talha,28,Lahore,2019-03-15,2022-05-21,12,163441,13620,Cash
C350,Sara,26,Sialkot,2020-12-17,2023-11-17,34,467982,13764,Card
C351,Bilal,40,Peshawar,2021-02-07,2021-06-07,3,49082,16361,Mobile Wallet
C352,Farhan,43,Quetta,2022-10-18,2023-12-31,3,24890,8297,Cash
C353,Mahnoor,21,Multan,2019-08-30,2022-02-25,11,68726,6248,Card
C354,Noor,26,Sialkot,2020-10-19,2023-12-31,9,153483,17054,Bank Transfer
C355,Aisha,43,Islamabad,2020-08-27,2021-08-24,14,246825,17630,Mobile Wallet
C356,Maryam,45,Sialkot,2020-10-13,2022-05-12,13,109741,8442,Card
C357,Rabia,27,Rawalpindi,2023-03-01,2023-12-31,22,266460,12112,Cash
C358,Fatima,30,Faisalabad,2018-10-12,2020-06-04,25,536859,21474,Mobile Wallet
C359,Ahmed,23,Faisalabad,2020-01-02,2023-05-05,19,114154,6008,Bank Transfer
C360,Noor,43,Multan,2022-11-23,2023-12-31,35,304083,8688,Cash
C361,Fahad,21,Peshawar,2018-01-07,2021-01-05,37,418116,11300,Card
C362,Sara,39,Multan,2019-05-26,2021-03-01,35,538530,15387,Mobile Wallet
C363,Fatima,42,Faisalabad,2019-06-06,2020-08-01,29,514226,17732,Cash
C364,Aisha,38,Faisalabad,2022-07-22,2023-12-31,3,43914,14638,Bank Transfer
C365,Saima,39,Sialkot,2021-08-12,2023-12-31,31,614738,19830,Bank Transfer
C366,Farhan,41,Lahore,2021-03-08,2023-12-31,24,199599,8317,Cash
C367,Zain,27,Rawalpindi,2019-08-27,2019-11-15,5,68266,13653,Card
C368,Sana,33,Sialkot,2020-03-07,2023-12-31,27,566629,20986,Cash
C369,Ali,44,Lahore,2022-10-08,2023-12-31,14,306517,21894,Cash
C370,Hamza,34,Islamabad,2023-03-19,2023-12-31,36,847315,23537,Bank Transfer
C371,Aisha,43,Hyderabad,2022-10-14,2023-12-31,31,324380,10464,Bank Transfer
C372,Iqra,28,Rawalpindi,2021-02-09,2023-12-31,34,426686,12550,Card
C373,Noman,27,Faisalabad,2021-10-07,2023-08-22,37,272457,7364,Cash
C374,Zara,42,Islamabad,2020-05-26,2020-11-03,29,523321,18046,Bank Transfer
C375,Maryam,21,Rawalpindi,2022-09-17,2023-12-31,40,233647,5841,Bank Transfer
C376,Rabia,20,Multan,2021-05-08,2023-08-14,29,672692,23196,Cash
C377,Uzma,27,Faisalabad,2022-11-21,2023-12-31,4,69805,17451,Bank Transfer
C378,Farhan,34,Islamabad,2023-12-28,2023-12-31,28,687458,24552,Card
C379,Bilal,40,Peshawar,2019-07-10,2022-03-11,14,90826,6488,Mobile Wallet
C380,Yusuf,34,Multan,2021-10-14,2023-12-29,20,366938,18347,Card
C381,Rabia,20,Hyderabad,2018-08-02,2020-08-17,17,126681,7452,Card
C382,Ahmed,27,Rawalpindi,2018-03-25,2021-10-17,12,148043,12337,Card
C383,Bushra,26,Quetta,2020-11-15,2023-01-09,13,326554,25120,Card
C384,Farhan,29,Lahore,2018-04-16,2020-02-13,39,667650,17119,Cash
C385,Imran,38,Sialkot,2020-09-21,2021-05-17,22,559412,25428,Card
C386,Noor,37,Peshawar,2022-02-26,2022-08-16,35,538734,15392,Bank Transfer
C387,Uzma,23,Peshawar,2022-01-23,2023-12-31,32,318348,9948,Mobile Wallet
C388,Aisha,45,Hyderabad,2023-06-04,2023-12-31,30,715456,23849,Cash
C389,Bilal,28,Quetta,2020-09-25,2023-06-03,39,991358,25419,Mobile Wallet
C390,Ahmed,35,Multan,2020-01-15,2022-11-08,16,273938,17121,Mobile Wallet
C391,Saad,39,Faisalabad,2018-02-11,2021-02-03,15,114046,7603,Bank Transfer
C392,Uzma,37,Rawalpindi,2023-05-05,2023-12-31,34,688895,20262,Card
C393,Noman,27,Peshawar,2020-09-23,2022-07-12,40,681851,17046,Mobile Wallet
C394,Anum,43,Hyderabad,2021-09-16,2023-10-06,32,435476,13609,Cash
C395,Hamza,43,Rawalpindi,2021-07-16,2022-04-16,37,396812,10725,Bank Transfer
C396,Saad,43,Gujranwala,2023-11-19,2023-12-31,21,179967,8570,Mobile Wallet
C397,Ibrahim,31,Islamabad,2021-05-23,2021-07-20,37,330800,8941,Card
C398,Laiba,29,Islamabad,2023-07-04,2023-12-31,3,69889,23296,Bank Transfer
C399,Iqra,30,Islamabad,2018-07-30,2020-01-28,33,297642,9019,Bank Transfer
C400,Uzma,22,Gujranwala,2018-08-08,2019-07-14,12,293950,24496,Card
C401,Waqar,23,Hyderabad,2022-09-01,2023-12-31,17,371592,21858,Bank Transfer
C402,Zain,38,Peshawar,2021-06-04,2023-12-31,6,156751,26125,Card
C403,Yusuf,40,Rawalpindi,2020-12-19,2023-12-31,8,79056,9882,Card
C404,Farhan,20,Peshawar,2023-01-20,2023-12-31,33,457489,13863,Mobile Wallet
C405,Noman,42,Quetta,2018-10-19,2022-09-25,17,239043,14061,Cash
C406,Anum,23,Hyderabad,2020-07-09,2023-12-31,12,169819,14152,Card
C407,Hassan,25,Faisalabad,2021-03-28,2023-10-13,10,207421,20742,Bank Transfer
C408,Saad,36,Hyderabad,2023-07-16,2023-12-31,8,187713,23464,Bank Transfer
C409,Ayesha,39,Faisalabad,2018-04-16,2018-11-19,17,408948,24056,Card
C410,Saad,38,Karachi,2019-12-19,2022-09-07,36,730833,20301,Cash
C411,Saima,33,Sialkot,2023-07-08,2023-12-31,33,536272,16251,Mobile Wallet
C412,Omar,25,Multan,2022-08-14,2023-12-31,34,499080,14679,Bank Transfer
C413,Laiba,21,Quetta,2018-12-27,2020-10-31,19,284888,14994,Bank Transfer
C414,Tania,20,Sialkot,2023-03-08,2023-12-31,6,66999,11166,Bank Transfer
C415,Iqra,44,Karachi,2020-04-13,2021-11-10,38,368236,9690,Bank Transfer
C416,Uzma,23,Karachi,2020-09-07,2023-12-31,13,198369,15259,Bank Transfer
C417,Bilal,27,Lahore,2023-03-06,2023-12-01,12,267034,22253,Mobile Wallet
C418,Tania,42,Faisalabad,2022-08-29,2023-12-31,33,426686,12930,Cash
C419,Zara,26,Gujranwala,2023-09-13,2023-12-31,7,101046,14435,Bank Transfer
C420,Sara,45,Hyderabad,2020-12-30,2021-02-03,21,320919,15282,Bank Transfer
C421,Danish,34,Hyderabad,2023-06-07,2023-12-31,24,568604,23692,Bank Transfer
C422,Sana,30,Rawalpindi,2020-09-05,2023-12-20,27,353793,13103,Bank Transfer
C423,Usman,30,Quetta,2022-04-11,2023-12-31,12,266601,22217,Cash
C424,Tania,38,Multan,2019-02-16,2021-09-04,9,208319,23147,Card
C425,Danish,33,Sialkot,2019-09-25,2020-03-26,33,444281,13463,Bank Transfer
C426,Bilal,30,Sialkot,2023-12-26,2023-12-31,23,500723,21771,Card
C427,Aisha,22,Rawalpindi,2021-03-23,2022-07-31,8,161114,20139,Card
C428,Iqra,25,Faisalabad,2018-04-29,2018-08-31,23,154024,6697,Mobile Wallet
C429,Anum,24,Rawalpindi,2023-12-16,2023-12-31,39,411071,10540,Card
C430,Aisha,32,Gujranwala,2020-09-13,2023-07-29,40,377180,9430,Mobile Wallet
C431,Sana,28,Sialkot,2018-02-08,2020-10-17,21,464654,22126,Bank Transfer
C432,Noor,38,Faisalabad,2022-10-04,2023-12-31,19,392512,20659,Cash
C433,Zara,35,Lahore,2020-08-29,2022-11-18,39,658608,16887,Mobile Wallet
C434,Ahmed,41,Peshawar,2021-01-29,2021-03-16,39,268253,6878,Bank Transfer
C435,Noman,44,Rawalpindi,2021-12-14,2023-04-06,15,201702,13447,Cash
C436,Omar,40,Sialkot,2018-06-11,2020-04-03,31,190386,6141,Cash
C437,Bilal,29,Multan,2022-08-29,2023-09-22,15,143959,9597,Mobile Wallet
C438,Kiran,36,Faisalabad,2019-11-05,2021-05-14,33,496079,15033,Mobile Wallet
C439,Hamza,34,Lahore,2019-07-31,2020-12-04,28,642593,22950,Bank Transfer
C440,Ali,28,Hyderabad,2019-05-22,2022-01-07,26,356327,13705,Mobile Wallet
C441,Omar,41,Rawalpindi,2023-04-16,2023-07-06,38,623273,16402,Cash
C442,Imran,40,Quetta,2021-05-22,2023-12-31,29,246650,8505,Card
C443,Zain,35,Lahore,2019-02-03,2020-06-27,37,345573,9340,Mobile Wallet
C444,Mahnoor,33,Gujranwala,2019-09-25,2022-02-20,9,191495,21277,Mobile Wallet
C445,Usman,42,Multan,2020-06-08,2023-01-02,31,408849,13189,Card
C446,Hina,37,Sialkot,2022-01-09,2022-06-12,28,380925,13604,Card
C447,Sana,22,Sialkot,2020-05-18,2023-12-31,4,27391,6848,Cash
C448,Talha,45,Gujranwala,2020-04-20,2020-10-07,38,451813,11890,Cash
C449,Sara,44,Islamabad,2018-01-12,2019-09-01,12,111554,9296,Cash
C450,Hamza,41,Karachi,2019-06-24,2019-08-23,25,322742,12910,Card
C451,Khalid,28,Karachi,2019-06-04,2021-11-12,36,321779,8938,Bank Transfer
C452,Iqra,44,Multan,2023-10-04,2023-12-31,9,178367,19819,Card
C453,Kiran,29,Quetta,2018-05-08,2018-10-09,33,594861,18026,Card
C454,Uzma,42,Quetta,2018-10-29,2019-05-12,23,553270,24055,Cash
C455,Saad,39,Sialkot,2021-08-24,2023-11-12,36,525424,14595,Bank Transfer
C456,Omar,45,Lahore,2020-05-30,2022-11-26,31,383760,12379,Bank Transfer
C457,Fatima,33,Lahore,2021-07-04,2023-12-25,23,303235,13184,Cash
C458,Rabia,22,Lahore,2018-12-16,2019-07-24,30,250910,8364,Mobile Wallet
C459,Talha,37,Karachi,2021-09-12,2023-12-31,10,181907,18191,Bank Transfer
C460,Hassan,29,Gujranwala,2021-07-03,2023-07-23,9,215592,23955,Cash
C461,Rabia,27,Lahore,2021-12-05,2023-12-31,26,233847,8994,Cash
C462,Anum,37,Gujranwala,2018-04-18,2021-10-16,20,115158,5758,Mobile Wallet
C463,Sara,31,Karachi,2020-01-14,2020-12-02,39,676711,17352,Card
C464,Bilal,43,Hyderabad,2020-05-31,2022-08-09,29,566919,19549,Mobile Wallet
C465,Zain,43,Multan,2018-12-14,2019-04-30,12,124997,10416,Card
C466,Bilal,28,Quetta,2022-10-03,2023-12-31,31,562642,18150,Card
C467,Noor,33,Lahore,2021-03-06,2023-12-31,40,840056,21001,Mobile Wallet
C468,Usman,27,Peshawar,2018-08-13,2018-09-27,16,248615,15538,Cash
C469,Fahad,29,Multan,2019-05-07,2019-06-21,34,628701,18491,Bank Transfer
C470,Mahnoor,42,Rawalpindi,2023-08-12,2023-12-31,25,182130,7285,Card
C471,Anum,20,Quetta,2018-11-15,2020-09-16,39,749031,19206,Bank Transfer
C472,Noman,23,Peshawar,2018-03-27,2020-02-20,13,269653,20743,Mobile Wallet
C473,Bilal,33,Lahore,2020-09-23,2023-04-03,40,726576,18164,Bank Transfer
C474,Zain,43,Multan,2020-06-26,2022-06-08,13,97628,7510,Card
C475,Kiran,36,Rawalpindi,2021-12-02,2023-12-21,12,146830,12236,Mobile Wallet
C476,Arslan,25,Gujranwala,2019-09-19,2023-06-22,7,79041,11292,Bank Transfer
C477,Sana,44,Gujranwala,2023-01-13,2023-12-31,39,630156,16158,Mobile Wallet
C478,Danish,34,Lahore,2023-04-05,2023-12-31,22,310815,14128,Mobile Wallet
C479,Tania,22,Faisalabad,2023-03-07,2023-12-31,5,33869,6774,Mobile Wallet
C480,Imran,40,Lahore,2023-09-08,2023-12-31,32,772686,24146,Card
C481,Iqra,45,Gujranwala,2020-02-11,2021-12-30,33,682435,20680,Card
C482,Iqra,23,Multan,2018-12-12,2021-11-09,14,85729,6124,Bank Transfer
C483,Iqra,36,Hyderabad,2019-10-13,2021-11-26,26,366817,14108,Mobile Wallet
C484,Nadia,21,Sialkot,2021-10-02,2022-03-15,24,195430,8143,Bank Transfer
C485,Noman,28,Sialkot,2019-09-08,2021-08-20,8,195913,24489,Mobile Wallet
C486,Zain,40,Sialkot,2022-05-25,2023-03-15,8,121865,15233,Mobile Wallet
C487,Talha,41,Sialkot,2023-11-27,2023-12-31,30,640880,21363,Mobile Wallet
C488,Zain,25,Rawalpindi,2021-10-31,2023-12-31,15,195661,13044,Cash
C489,Imran,29,Lahore,2023-09-11,2023-12-31,36,228131,6337,Cash
C490,Nadia,32,Islamabad,2019-10-27,2020-11-30,13,239959,18458,Mobile Wallet
C491,Waqar,34,Gujranwala,2021-03-13,2023-10-18,17,372490,21911,Bank Transfer
C492,Arslan,31,Sialkot,2022-12-10,2023-12-31,21,367879,17518,Bank Transfer
C493,Farhan,26,Gujranwala,2019-07-21,2021-01-13,6,129139,21523,Card
C494,Kiran,23,Faisalabad,2018-12-10,2019-12-03,20,410447,20522,Cash
C495,Anum,22,Rawalpindi,2023-01-22,2023-12-31,4,71057,17764,Mobile Wallet
C496,Waqar,32,Lahore,2022-03-16,2023-07-18,4,64429,16107,Mobile Wallet
C497,Danish,24,Karachi,2021-03-21,2023-12-13,11,222929,20266,Card
C498,Bilal,20,Faisalabad,2020-06-02,2021-05-04,38,950771,25020,Card
C499,Noman,27,Faisalabad,2019-05-15,2019-09-19,18,342299,19017,Bank Transfer
C500,Imran,23,Quetta,2018-03-09,2021-10-23,35,812969,23228,Cash
C501,Noman,33,Karachi,2021-12-16,2023-05-22,39,704606,18067,Card
C502,Kiran,31,Lahore,2023-11-25,2023-12-31,35,761255,21750,Bank Transfer
C503,Rabia,21,Sialkot,2022-05-04,2023-12-31,19,103605,5453,Card
C504,Noor,27,Sialkot,2019-03-01,2022-07-04,24,214655,8944,Mobile Wallet
C505,Khalid,44,Sialkot,2023-03-19,2023-12-31,33,373354,11314,Card
C506,Sana,21,Faisalabad,2020-04-05,2020-08-02,15,93832,6255,Mobile Wallet
C507,Tania,32,Hyderabad,2023-04-24,2023-12-31,5,55105,11021,Card
C508,Sara,28,Lahore,2022-02-16,2023-12-31,28,564898,20175,Bank Transfer
C509,Sara,25,Quetta,2023-07-31,2023-12-31,36,509498,14153,Bank Transfer
C510,Bilal,33,Gujranwala,2020-01-10,2023-03-02,21,313068,14908,Mobile Wallet
C511,Noman,29,Quetta,2022-10-12,2023-10-18,31,509381,16432,Mobile Wallet
C512,Aisha,33,Faisalabad,2018-08-23,2019-02-22,28,473931,16926,Cash
C513,Ahmed,24,Gujranwala,2022-11-30,2023-03-11,11,77141,7013,Mobile Wallet
C514,Hina,32,Gujranwala,2018-05-13,2021-11-02,12,247549,20629,Mobile Wallet
C515,Iqra,44,Lahore,2019-07-18,2022-08-05,26,460384,17707,Mobile Wallet
C516,Waqar,23,Karachi,2020-02-02,2022-12-20,36,662801,18411,Card
C517,Fahad,44,Faisalabad,2023-01-02,2023-12-31,21,429713,20463,Cash
C518,Imran,34,Islamabad,2022-12-29,2023-07-26,23,384728,16727,Mobile Wallet
C519,Zain,25,Sialkot,2019-12-15,2022-01-23,35,415782,11879,Cash
C520,Talha,27,Quetta,2018-04-18,2020-05-26,38,890744,23441,Cash
C521,Aisha,22,Lahore,2021-06-20,2023-10-13,33,726882,22027,Bank Transfer
C522,Bushra,22,Islamabad,2021-07-22,2023-12-31,7,137735,19676,Mobile Wallet
C523,Talha,44,Hyderabad,2020-01-16,2020-11-05,30,670772,22359,Card
C524,Hamza,36,Islamabad,2021-05-30,2022-06-01,13,211236,16249,Cash
C525,Noor,36,Faisalabad,2018-11-20,2020-05-16,15,337936,22529,Mobile Wallet
C526,Aisha,37,Lahore,2023-08-21,2023-12-31,13,331099,25469,Cash
C527,Farhan,41,Gujranwala,2021-10-14,2023-12-31,5,28403,5681,Mobile Wallet
C528,Yusuf,44,Gujranwala,2022-09-03,2023-12-31,4,88593,22148,Mobile Wallet
C529,Zain,35,Rawalpindi,2022-07-22,2023-12-31,32,240972,7530,Cash
C530,Iqra,33,Quetta,2023-03-18,2023-12-31,24,575819,23992,Mobile Wallet
C531,Noor,32,Islamabad,2022-02-26,2023-12-31,38,316373,8326,Bank Transfer
C532,Hamza,28,Quetta,2020-10-12,2021-08-26,9,58664,6518,Bank Transfer
C533,Aisha,33,Rawalpindi,2019-10-17,2021-09-16,39,576189,14774,Cash
C534,Uzma,36,Quetta,2023-08-05,2023-12-31,34,187778,5523,Bank Transfer
C535,Tania,34,Rawalpindi,2020-05-31,2023-10-07,25,157440,6298,Bank Transfer
C536,Nadia,40,Sialkot,2023-04-12,2023-12-31,37,201644,5450,Bank Transfer
C537,Talha,28,Multan,2022-07-10,2023-12-31,5,86562,17312,Cash
C538,Hina,37,Faisalabad,2018-10-29,2021-01-27,35,709778,20279,Mobile Wallet
C539,Aisha,41,Gujranwala,2019-05-02,2020-02-19,9,159119,17680,Mobile Wallet
C540,Laiba,31,Islamabad,2020-03-26,2023-09-10,35,635324,18152,Card
C541,Usman,24,Multan,2023-04-25,2023-12-31,32,319519,9985,Cash
C542,Ayesha,39,Multan,2019-10-28,2022-02-08,22,529206,24055,Bank Transfer
C543,Bushra,29,Quetta,2018-03-10,2020-05-02,24,216078,9003,Mobile Wallet
C544,Ahmed,39,Quetta,2020-12-23,2023-12-31,40,931003,23275,Card
C545,Saima,35,Islamabad,2023-11-18,2023-12-31,27,274281,10159,Cash
C546,Usman,38,Lahore,2020-02-21,2020-04-29,31,469802,15155,Bank Transfer
C547,Yusuf,33,Hyderabad,2023-04-16,2023-09-20,11,234874,21352,Mobile Wallet
C548,Rabia,36,Peshawar,2021-07-09,2022-07-28,32,707671,22115,Mobile Wallet
C549,Fahad,39,Quetta,2020-02-27,2021-08-14,20,456355,22818,Mobile Wallet
C550,Noman,42,Rawalpindi,2023-06-26,2023-12-31,33,545436,16528,Mobile Wallet
C551,Noman,23,Gujranwala,2022-04-05,2023-12-31,25,239841,9594,Mobile Wallet
C552,Bilal,31,Quetta,2020-11-16,2023-08-24,16,192033,12002,Mobile Wallet
C553,Laiba,42,Faisalabad,2019-07-17,2020-03-26,40,500372,12509,Cash
C554,Ibrahim,21,Lahore,2022-08-20,2023-12-31,33,278661,8444,Cash
C555,Ali,37,Islamabad,2022-07-25,2023-12-31,33,691540,20956,Mobile Wallet
C556,Ayesha,29,Sialkot,2018-08-31,2019-04-01,39,493479,12653,Card
C557,Khalid,33,Islamabad,2018-05-29,2020-09-18,34,394055,11590,Mobile Wallet
C558,Usman,20,Faisalabad,2019-03-16,2021-03-01,21,438075,20861,Bank Transfer
C559,Talha,36,Quetta,2021-01-22,2022-03-22,10,153005,15300,Bank Transfer
C560,Fahad,42,Islamabad,2018-02-27,2020-02-17,21,504350,24017,Cash
C561,Khalid,39,Sialkot,2022-07-19,2023-12-31,35,528301,15094,Card
C562,Khalid,24,Quetta,2021-08-18,2023-02-07,3,40161,13387,Bank Transfer
C563,Saad,30,Faisalabad,2018-02-16,2019-09-04,26,316810,12185,Card
C564,Sana,29,Islamabad,2022-07-19,2023-12-31,35,541766,15479,Mobile Wallet
C565,Hina,39,Rawalpindi,2020-06-16,2021-04-15,33,329138,9974,Mobile Wallet
C566,Maryam,42,Hyderabad,2023-04-13,2023-12-31,16,213510,13344,Card
C567,Kiran,34,Hyderabad,2022-01-21,2022-07-29,39,323535,8296,Cash
C568,Bushra,37,Islamabad,2019-11-05,2021-10-06,36,674298,18730,Cash
C569,Saima,35,Lahore,2023-09-22,2023-12-31,6,114762,19127,Bank Transfer
C570,Sana,38,Karachi,2023-03-09,2023-12-31,22,124378,5654,Card
C571,Yusuf,38,Lahore,2018-07-05,2020-12-18,25,177954,7118,Card
C572,Imran,35,Karachi,2021-03-21,2023-08-05,14,135630,9688,Bank Transfer
C573,Hina,32,Quetta,2022-03-27,2023-12-31,8,174711,21839,Mobile Wallet
C574,Hamza,25,Hyderabad,2022-05-29,2023-12-31,11,139796,12709,Card
C575,Zain,34,Sialkot,2022-10-04,2023-12-31,27,329636,12209,Mobile Wallet
C576,Danish,28,Rawalpindi,2019-04-08,2019-07-12,29,155702,5369,Card
C577,Omar,39,Karachi,2023-01-03,2023-12-31,6,79992,13332,Bank Transfer
C578,Iqra,27,Hyderabad,2020-06-08,2020-10-31,11,248297,22572,Cash
C579,Bushra,30,Gujranwala,2021-08-06,2023-01-03,22,223626,10165,Cash
C580,Maryam,29,Faisalabad,2018-09-07,2021-11-20,40,434931,10873,Bank Transfer
C581,Laiba,35,Karachi,2021-11-11,2023-12-31,27,588137,21783,Bank Transfer
C582,Maryam,24,Faisalabad,2022-03-22,2023-05-02,37,739429,19985,Cash
C583,Zain,42,Islamabad,2023-03-12,2023-08-07,38,736760,19388,Cash
C584,Zara,27,Faisalabad,2020-04-12,2022-03-19,8,163385,20423,Card
C585,Mahnoor,43,Rawalpindi,2018-07-31,2020-03-01,27,677119,25078,Card
C586,Arslan,45,Gujranwala,2020-06-07,2023-03-15,16,249549,15597,Card
C587,Yusuf,26,Lahore,2023-05-16,2023-12-31,16,299888,18743,Mobile Wallet
C588,Noman,32,Quetta,2023-12-26,2023-12-31,25,368645,14746,Bank Transfer
C589,Sana,23,Quetta,2021-08-04,2022-10-24,26,393164,15122,Cash
C590,Danish,20,Faisalabad,2022-09-07,2023-12-31,12,134802,11234,Bank Transfer
C591,Bushra,27,Quetta,2021-10-14,2023-04-24,34,713743,20992,Mobile Wallet
C592,Farhan,24,Hyderabad,2023-06-24,2023-12-31,37,256801,6941,Card
C593,Hassan,44,Karachi,2022-08-17,2023-06-24,17,125404,7377,Card
C594,Yusuf,36,Quetta,2022-03-09,2022-08-09,33,659000,19970,Bank Transfer
C595,Ali,20,Hyderabad,2021-01-30,2023-12-31,21,116806,5562,Bank Transfer
C596,Khalid,23,Lahore,2023-11-18,2023-12-31,18,205635,11424,Mobile Wallet
C597,Noor,28,Peshawar,2018-11-20,2021-01-22,28,564767,20170,Cash
C598,Zain,41,Lahore,2018-05-10,2018-12-17,28,481962,17213,Bank Transfer
C599,Hassan,40,Karachi,2019-12-03,2020-06-19,34,662880,19496,Mobile Wallet
C600,Bushra,23,Hyderabad,2018-06-24,2019-11-06,16,376227,23514,Card
C601,Imran,41,Faisalabad,2018-05-15,2019-06-16,23,132650,5767,Cash
C602,Fatima,22,Faisalabad,2019-10-28,2023-01-24,18,438439,24358,Bank Transfer
C603,Mahnoor,30,Peshawar,2019-07-28,2023-07-08,8,175475,21934,Mobile Wallet
C604,Hassan,23,Peshawar,2020-08-08,2021-02-09,24,611950,25498,Bank Transfer
C605,Ayesha,20,Sialkot,2021-01-24,2023-09-03,34,418034,12295,Bank Transfer
C606,Anum,25,Sialkot,2022-04-06,2022-10-28,21,280426,13354,Card
C607,Saad,24,Peshawar,2019-09-24,2021-12-29,23,371616,16157,Card
C608,Zain,34,Multan,2021-01-09,2021-09-05,11,83757,7614,Bank Transfer
C609,Laiba,37,Hyderabad,2022-07-30,2023-03-28,4,31280,7820,Card
C610,Nadia,39,Multan,2022-04-27,2022-06-21,21,385366,18351,Card
C611,Laiba,27,Gujranwala,2023-11-05,2023-12-31,27,274666,10173,Mobile Wallet
C612,Saad,35,Islamabad,2018-09-17,2019-09-24,30,417936,13931,Bank Transfer
C613,Imran,31,Faisalabad,2020-10-07,2023-12-31,34,841239,24742,Bank Transfer
C614,Omar,24,Faisalabad,2018-01-28,2020-05-17,24,431485,17979,Mobile Wallet
C615,Iqra,30,Peshawar,2019-07-12,2021-04-17,23,595095,25874,Cash
C616,Rabia,30,Islamabad,2022-06-20,2023-12-31,21,463584,22075,Cash
C617,Ayesha,32,Faisalabad,2022-05-29,2023-12-31,10,227712,22771,Cash
C618,Laiba,20,Quetta,2020-05-08,2022-11-21,21,157452,7498,Bank Transfer
C619,Uzma,24,Sialkot,2021-05-25,2022-11-01,19,195059,10266,Bank Transfer
C620,Imran,34,Gujranwala,2023-05-17,2023-12-31,28,630696,22525,Bank Transfer
C621,Mahnoor,21,Multan,2018-12-15,2019-08-25,18,289386,16077,Card
C622,Bushra,40,Sialkot,2022-06-25,2023-12-31,30,241691,8056,Mobile Wallet
C623,Ibrahim,36,Hyderabad,2020-06-24,2023-01-22,26,461505,17750,Cash
C624,Noor,20,Quetta,2019-03-05,2020-11-29,29,217878,7513,Cash
C625,Noor,29,Multan,2023-02-09,2023-12-31,36,738291,20508,Card
C626,Iqra,43,Quetta,2021-07-30,2022-01-13,22,146619,6664,Card
C627,Ahmed,30,Sialkot,2019-03-24,2023-02-07,13,169166,13013,Cash
C628,Sara,37,Peshawar,2023-03-08,2023-12-31,28,299534,10698,Bank Transfer
C629,Fatima,20,Gujranwala,2020-03-19,2022-10-25,40,754518,18863,Cash
C630,Yusuf,28,Lahore,2019-02-21,2022-03-26,14,233665,16690,Bank Transfer
C631,Hamza,28,Sialkot,2023-06-28,2023-12-31,23,558612,24287,Bank Transfer
C632,Saima,23,Multan,2021-12-12,2023-12-31,14,215087,15363,Card
C633,Talha,30,Lahore,2020-09-04,2022-06-21,10,108586,10859,Cash
C634,Tania,32,Peshawar,2019-07-19,2022-11-07,27,493270,18269,Cash
C635,Laiba,25,Quetta,2021-03-29,2022-02-09,14,221641,15832,Card
C636,Noor,20,Quetta,2019-07-14,2020-09-15,27,632170,23414,Bank Transfer
C637,Maryam,41,Quetta,2022-08-30,2023-12-31,31,629727,20314,Card
C638,Ibrahim,29,Karachi,2021-01-30,2022-06-04,37,517232,13979,Bank Transfer
C639,Bushra,43,Quetta,2023-09-24,2023-12-31,39,333024,8539,Mobile Wallet
C640,Mahnoor,44,Karachi,2022-12-13,2023-12-31,16,290853,18178,Cash
C641,Zain,21,Quetta,2020-12-12,2022-12-25,8,160761,20095,Card
C642,Waqar,26,Gujranwala,2021-12-07,2023-12-31,30,316777,10559,Cash
C643,Yusuf,45,Karachi,2021-12-07,2023-12-31,20,493044,24652,Mobile Wallet
C644,Noman,29,Gujranwala,2020-12-31,2023-12-19,9,88910,9879,Bank Transfer
C645,Hassan,28,Sialkot,2019-06-04,2023-06-09,11,139861,12715,Mobile Wallet
C646,Waqar,44,Sialkot,2022-05-28,2023-12-31,12,290852,24238,Bank Transfer
C647,Zara,34,Lahore,2019-01-17,2021-05-21,35,503679,14391,Mobile Wallet
C648,Sana,35,Multan,2018-01-11,2018-08-19,32,554368,17324,Bank Transfer
C649,Yusuf,33,Rawalpindi,2023-07-20,2023-12-31,23,323382,14060,Cash
C650,Bushra,35,Multan,2018-07-18,2018-11-19,9,171798,19089,Cash
C651,Iqra,34,Karachi,2022-10-19,2023-12-31,11,158215,14383,Mobile Wallet
C652,Bilal,40,Multan,2020-10-22,2021-05-08,26,258851,9956,Mobile Wallet
C653,Ibrahim,33,Sialkot,2019-01-09,2023-01-19,9,44016,4891,Card
C654,Talha,38,Rawalpindi,2023-10-29,2023-12-31,31,156335,5043,Mobile Wallet
C655,Hamza,33,Islamabad,2023-05-11,2023-11-02,17,286130,16831,Card
C656,Omar,30,Multan,2021-05-10,2022-03-16,27,256352,9495,Cash
C657,Imran,36,Gujranwala,2018-02-04,2021-08-06,13,248715,19132,Cash
C658,Danish,33,Gujranwala,2022-12-18,2023-12-31,8,63947,7993,Card
C659,Saima,43,Peshawar,2021-12-10,2023-12-31,23,214805,9339,Card
C660,Waqar,37,Gujranwala,2021-03-13,2023-12-31,4,57782,14446,Cash
C661,Fatima,29,Sialkot,2018-08-12,2020-01-14,34,576664,16961,Bank Transfer
C662,Nadia,22,Hyderabad,2018-02-19,2020-03-29,23,212025,9218,Bank Transfer
C663,Hina,37,Sialkot,2019-12-09,2022-08-29,7,39161,5594,Card
C664,Fahad,26,Karachi,2018-09-05,2020-12-28,35,510019,14572,Bank Transfer
C665,Anum,42,Peshawar,2018-12-04,2022-08-06,37,846540,22879,Mobile Wallet
C666,Bilal,29,Lahore,2023-09-26,2023-12-31,12,266218,22185,Card
C667,Zain,42,Peshawar,2020-09-04,2021-01-30,18,146830,8157,Card
C668,Sana,39,Gujranwala,2018-08-14,2020-06-07,14,118700,8479,Cash
C669,Ali,25,Quetta,2021-11-21,2023-12-31,36,469640,13046,Cash
C670,Saad,43,Lahore,2018-05-01,2020-04-16,30,418355,13945,Mobile Wallet
C671,Bushra,40,Lahore,2023-07-26,2023-12-31,35,561859,16053,Cash
C672,Hina,25,Faisalabad,2019-02-26,2022-06-15,10,127845,12784,Card
C673,Usman,20,Rawalpindi,2018-07-08,2021-03-30,26,475447,18286,Cash
C674,Usman,37,Sialkot,2022-09-14,2023-12-31,23,299575,13025,Mobile Wallet
C675,Saad,22,Gujranwala,2022-03-08,2022-12-07,35,227827,6509,Card
C676,Fatima,22,Quetta,2021-03-02,2022-12-28,23,181046,7872,Card
C677,Hina,26,Faisalabad,2021-05-29,2023-12-31,18,358828,19935,Bank Transfer
C678,Arslan,43,Hyderabad,2020-10-01,2021-09-04,3,52674,17558,Mobile Wallet
C679,Ali,30,Karachi,2022-03-22,2023-12-31,9,105821,11758,Cash
C680,Maryam,35,Karachi,2019-08-07,2023-09-02,20,153618,7681,Cash
C681,Kiran,33,Multan,2023-02-21,2023-09-12,40,325416,8135,Bank Transfer
C682,Imran,38,Gujranwala,2018-09-13,2021-03-21,11,137414,12492,Mobile Wallet
C683,Fatima,42,Multan,2021-07-26,2023-12-31,20,242316,12116,Cash
C684,Talha,44,Gujranwala,2019-03-23,2020-03-05,9,93002,10334,Mobile Wallet
C685,Maryam,23,Hyderabad,2022-01-07,2023-04-07,31,466446,15047,Card
C686,Bilal,25,Sialkot,2021-05-31,2023-12-31,5,62248,12450,Mobile Wallet
C687,Danish,22,Rawalpindi,2021-12-28,2023-12-31,35,235235,6721,Mobile Wallet
C688,Khalid,20,Peshawar,2023-01-27,2023-12-31,38,480797,12653,Card
C689,Talha,23,Karachi,2018-09-10,2020-01-08,11,130503,11864,Mobile Wallet
C690,Bilal,38,Gujranwala,2020-11-26,2021-05-28,4,27588,6897,Bank Transfer
C691,Talha,22,Multan,2019-05-17,2019-09-11,32,206013,6438,Bank Transfer
C692,Fatima,35,Karachi,2022-04-17,2023-12-31,30,315188,10506,Cash
C693,Saad,28,Quetta,2019-09-01,2019-12-10,18,264030,14668,Bank Transfer
C694,Hassan,22,Faisalabad,2022-04-18,2023-02-23,29,339286,11700,Cash
C695,Mahnoor,45,Karachi,2022-04-16,2023-12-31,25,520255,20810,Bank Transfer
C696,Noor,38,Hyderabad,2021-08-10,2023-11-13,20,207515,10376,Cash
C697,Ahmed,45,Faisalabad,2018-08-28,2021-05-20,36,617686,17158,Cash
C698,Farhan,23,Rawalpindi,2020-09-14,2022-04-12,37,259458,7012,Cash
C699,Bushra,45,Peshawar,2021-12-24,2023-01-13,14,180165,12869,Mobile Wallet
C700,Saima,20,Multan,2019-08-06,2022-11-01,15,318270,21218,Cash
C701,Uzma,21,Lahore,2018-08-19,2020-01-07,17,96355,5668,Card
C702,Sara,39,Rawalpindi,2019-06-19,2021-06-15,14,208820,14916,Cash
C703,Saima,42,Islamabad,2019-03-31,2022-04-11,26,189351,7283,Bank Transfer
C704,Saima,23,Multan,2021-05-21,2023-04-11,11,114368,10397,Bank Transfer
C705,Uzma,40,Multan,2019-12-15,2024-01-01,38,616741,16230,Cash
C706,Zara,29,Faisalabad,2019-06-06,2020-07-03,3,70537,23512,Card
C707,Khalid,39,Multan,2020-06-23,2023-12-31,39,342353,8778,Cash
C708,Sara,43,Lahore,2020-09-01,2022-09-11,23,244812,10644,Card
C709,Sara,34,Karachi,2020-12-22,2022-03-26,18,128034,7113,Card
C710,Ali,21,Peshawar,2022-11-30,2023-12-31,13,241191,18553,Bank Transfer
C711,Danish,26,Rawalpindi,2019-12-20,2023-12-10,34,403856,11878,Bank Transfer
C712,Omar,25,Faisalabad,2018-07-08,2020-04-27,18,377847,20992,Bank Transfer
C713,Hina,30,Faisalabad,2023-06-07,2024-12-31,36,428021,11889,Mobile Wallet
C714,Uzma,31,Karachi,2022-04-20,2024-04-27,34,271640,7989,Card
C715,Sana,28,Islamabad,2022-09-15,2024-12-31,34,247802,7288,Mobile Wallet
C716,Farhan,36,Gujranwala,2022-08-25,2024-12-31,18,171271,9515,Cash
C717,Saima,20,Faisalabad,2023-03-17,2024-12-31,16,164556,10285,Mobile Wallet
C718,Danish,41,Lahore,2023-07-04,2024-12-31,17,282782,16634,Cash
C719,Tania,37,Gujranwala,2019-03-05,2021-05-20,4,613198,153300,Bank Transfer
C720,Bilal,25,Sialkot,2023-06-18,2024-12-31,27,251078,9299,Mobile Wallet
C721,Iqra,29,Multan,2023-01-07,2024-12-31,15,685782,45719,Card
C722,Arslan,36,Islamabad,2020-06-15,2021-05-30,9,384737,42749,Card
C723,Danish,40,Peshawar,2023-07-14,2024-12-31,17,102612,6036,Bank Transfer
C724,Talha,31,Lahore,2018-03-24,2021-05-07,17,925861,54462,Bank Transfer
C725,Zara,33,Hyderabad,2019-05-20,2022-05-27,19,886788,46673,Bank Transfer
C726,Anum,29,Quetta,2023-04-25,2024-12-31,21,478810,22800,Cash
C727,Mahnoor,38,Karachi,2020-10-16,2021-02-01,21,986365,46970,Card
C728,Zain,23,Peshawar,2022-04-16,2022-05-24,33,693187,21006,Card
C729,Zara,30,Karachi,2022-10-02,2023-06-22,17,510965,30057,Bank Transfer
C730,Maryam,28,Sialkot,2021-07-09,2024-12-31,29,718636,24781,Cash
C731,Omar,24,Quetta,2020-10-21,2024-04-18,7,521363,74480,Bank Transfer
C732,Anum,30,Rawalpindi,2019-01-19,2019-12-22,10,41002,4100,Cash
C733,Noman,33,Karachi,2023-09-07,2024-12-31,10,984293,98429,Cash
C734,Sana,41,Lahore,2018-10-01,2021-04-03,27,605227,22416,Card
C735,Laiba,30,Faisalabad,2021-09-07,2023-04-11,33,818225,24795,Mobile Wallet
C736,Sana,33,Rawalpindi,2019-11-25,2023-02-28,28,938347,33512,Card
C737,Tania,39,Sialkot,2023-04-24,2024-12-31,35,579295,16551,Cash
C738,Arslan,27,Hyderabad,2021-06-15,2022-09-27,25,524991,21000,Cash
C739,Laiba,36,Quetta,2022-01-01,2023-01-16,9,342530,38059,Bank Transfer
C740,Bilal,23,Hyderabad,2021-05-02,2022-07-30,37,529388,14308,Bank Transfer
C741,Arslan,28,Karachi,2023-01-24,2023-02-25,3,483822,161274,Mobile Wallet
C742,Iqra,31,Multan,2019-10-14,2023-05-06,20,909168,45458,Cash
C743,Fahad,30,Sialkot,2023-06-14,2024-12-31,7,794349,113478,Card
C744,Noman,37,Peshawar,2022-01-24,2022-03-13,4,358487,89622,Card
C745,Rabia,43,Multan,2023-09-08,2024-12-31,11,44230,4021,Mobile Wallet
C746,Maryam,45,Islamabad,2019-08-11,2019-12-13,25,844451,33778,Cash
C747,Rabia,26,Multan,2018-02-05,2018-03-30,37,530309,14333,Cash
C748,Fahad,25,Lahore,2023-04-19,2024-02-21,34,352862,10378,Cash
C749,Arslan,26,Multan,2018-10-09,2021-07-09,18,589514,32751,Bank Transfer
C750,Ibrahim,32,Peshawar,2018-10-15,2021-12-02,10,275796,27580,Card
C751,Laiba,20,Islamabad,2021-11-27,2024-08-16,20,170920,8546,Card
C752,Zara,39,Rawalpindi,2019-02-27,2020-05-05,17,513962,30233,Card
C753,Saima,45,Sialkot,2020-06-11,2024-04-05,37,977616,26422,Bank Transfer
C754,Nadia,27,Rawalpindi,2018-07-20,2021-11-22,25,322060,12882,Bank Transfer
C755,Maryam,23,Islamabad,2018-03-12,2020-03-08,40,751088,18777,Bank Transfer
C756,Imran,23,Quetta,2018-03-09,2019-11-20,23,583732,25380,Cash
C757,Khalid,36,Islamabad,2018-06-15,2021-07-04,19,188582,9925,Cash
C758,Omar,23,Quetta,2018-01-19,2018-06-01,6,706426,117738,Card
C759,Zain,37,Multan,2019-10-11,2023-07-10,22,118113,5369,Mobile Wallet
C760,Talha,45,Faisalabad,2020-03-11,2021-06-13,26,391636,15063,Card
C761,Ali,22,Peshawar,2019-01-02,2020-03-10,25,186535,7461,Card
C762,Nadia,44,Lahore,2021-07-19,2021-11-09,27,547783,20288,Bank Transfer
C763,Imran,34,Karachi,2023-02-09,2024-12-31,25,616142,24646,Bank Transfer
C764,Laiba,28,Multan,2019-08-04,2023-07-11,11,934179,84925,Card
C765,Laiba,44,Gujranwala,2022-03-19,2022-12-02,26,721027,27732,Card
C766,Hina,20,Rawalpindi,2023-07-23,2024-12-31,37,21022,568,Bank Transfer
C767,Hina,26,Rawalpindi,2021-01-16,2023-03-30,14,946231,67588,Cash
C768,Usman,34,Rawalpindi,2018-03-12,2020-07-09,10,913747,91375,Mobile Wallet
C769,Waqar,34,Lahore,2020-03-29,2022-11-10,18,981797,54544,Cash
C770,Aisha,28,Multan,2022-12-14,2024-01-26,22,228732,10397,Cash
C771,Noman,37,Karachi,2022-06-29,2023-03-17,5,814996,162999,Bank Transfer
C772,Fatima,32,Karachi,2019-04-28,2022-08-10,29,834687,28782,Cash
C773,Hamza,33,Peshawar,2022-01-25,2023-05-13,12,842071,70173,Bank Transfer
C774,Rabia,43,Sialkot,2021-12-15,2022-09-10,27,494539,18316,Card
C775,Rabia,31,Quetta,2019-11-11,2023-08-07,38,962836,25338,Mobile Wallet
C776,Tania,21,Rawalpindi,2019-05-23,2022-03-20,23,600086,26091,Mobile Wallet
C777,Sana,26,Rawalpindi,2022-12-24,2024-12-31,20,396810,19840,Card
C778,Hamza,35,Karachi,2022-08-17,2024-12-31,40,837378,20934,Mobile Wallet
C779,Uzma,24,Quetta,2021-01-17,2022-06-25,18,691175,38399,Cash
C780,Maryam,40,Multan,2021-03-08,2024-12-31,37,226994,6135,Cash
C781,Rabia,29,Gujranwala,2020-05-21,2023-12-22,31,707973,22838,Cash
C782,Mahnoor,41,Gujranwala,2022-06-27,2024-12-31,29,351913,12135,Cash
C783,Nadia,40,Quetta,2018-11-04,2020-08-18,28,373293,13332,Cash
C784,Waqar,24,Gujranwala,2018-02-12,2019-05-25,23,743743,32337,Bank Transfer
C785,Hina,33,Rawalpindi,2023-01-26,2024-12-31,12,658536,54878,Cash
C786,Hina,23,Peshawar,2020-10-20,2024-08-21,20,294649,14732,Card
C787,Saima,24,Peshawar,2022-02-17,2022-10-17,24,133872,5578,Cash
C788,Arslan,43,Rawalpindi,2021-11-20,2024-07-06,16,801463,50091,Cash
C789,Danish,29,Hyderabad,2022-05-05,2022-08-29,13,762570,58659,Card
C790,Noor,36,Hyderabad,2019-04-03,2022-11-01,37,907732,24533,Bank Transfer
C791,Sana,31,Hyderabad,2019-06-20,2023-01-20,30,187503,6250,Cash
C792,Usman,38,Multan,2020-05-19,2021-05-12,23,931259,40490,Cash
C793,Danish,37,Multan,2018-04-10,2020-07-09,36,629564,17488,Card
C794,Yusuf,23,Karachi,2020-10-19,2022-09-04,29,271930,9377,Bank Transfer
C795,Fahad,35,Islamabad,2019-05-15,2022-04-01,35,996376,28468,Bank Transfer
C796,Ayesha,28,Lahore,2018-08-14,2021-08-31,36,693328,19259,Card
C797,Kiran,29,Rawalpindi,2023-01-20,2024-12-31,9,124840,13871,Card
C798,Farhan,20,Lahore,2019-06-27,2019-08-29,6,918285,153048,Bank Transfer
C799,Sana,38,Gujranwala,2020-06-11,2023-11-15,40,660539,16513,Card
C800,Noor,44,Hyderabad,2021-06-15,2022-12-15,25,937949,37518,Cash
C801,Yusuf,45,Sialkot,2018-07-25,2019-11-12,35,978992,27971,Cash
C802,Rabia,32,Peshawar,2022-08-10,2024-04-26,9,73334,8148,Card
C803,Farhan,22,Lahore,2023-02-16,2023-07-01,10,794666,79467,Cash
C804,Ibrahim,38,Islamabad,2019-12-14,2023-11-08,6,272655,45442,Cash
C805,Maryam,33,Peshawar,2023-10-19,2024-12-31,33,194809,5903,Mobile Wallet
C806,Nadia,45,Peshawar,2023-09-02,2024-12-31,7,815514,116502,Bank Transfer
C807,Arslan,20,Hyderabad,2023-06-13,2024-07-31,30,424422,14147,Cash
C808,Talha,40,Gujranwala,2021-07-10,2024-09-03,11,809048,73550,Card
C809,Rabia,36,Sialkot,2018-10-26,2020-09-12,12,232757,19396,Cash
C810,Zara,35,Multan,2021-10-26,2022-11-03,9,778643,86516,Bank Transfer
C811,Aisha,40,Karachi,2020-03-22,2021-10-20,8,783797,97975,Cash
C812,Tania,45,Lahore,2022-09-29,2024-02-23,19,447131,23533,Mobile Wallet
C813,Zara,28,Lahore,2022-09-22,2023-10-02,8,835571,104446,Mobile Wallet
C814,Noor,36,Gujranwala,2020-11-10,2023-08-07,21,662269,31537,Mobile Wallet
C815,Ibrahim,28,Lahore,2023-05-16,2024-02-14,26,688197,26469,Bank Transfer
C816,Ibrahim,21,Sialkot,2023-12-24,2024-12-31,15,777277,51818,Cash
C817,Farhan,24,Quetta,2018-10-27,2022-11-19,37,998524,26987,Mobile Wallet
C818,Ibrahim,33,Lahore,2018-12-15,2019-12-11,19,997282,52489,Card
C819,Talha,24,Quetta,2021-07-28,2024-05-23,9,920585,102287,Cash
C820,Ibrahim,38,Quetta,2018-10-17,2022-09-16,40,886353,22159,Mobile Wallet
C821,Kiran,41,Lahore,2022-01-29,2024-10-25,20,243785,12189,Bank Transfer
C822,Rabia,21,Peshawar,2020-08-08,2021-08-18,10,959525,95952,Cash
C823,Saad,22,Multan,2018-02-02,2020-10-10,6,305738,50956,Bank Transfer
C824,Sara,36,Multan,2019-11-08,2021-02-03,16,807314,50457,Cash
C825,Anum,31,Multan,2018-04-14,2019-05-21,25,93780,3751,Bank Transfer
C826,Ayesha,35,Sialkot,2022-10-31,2024-12-31,30,580079,19336,Cash
C827,Ahmed,25,Quetta,2021-07-22,2024-02-19,18,163914,9106,Bank Transfer
C828,Maryam,24,Gujranwala,2022-10-22,2023-10-10,12,610871,50906,Bank Transfer
C829,Waqar,32,Multan,2018-05-16,2021-05-25,18,512631,28480,Bank Transfer
C830,Hamza,33,Karachi,2019-01-04,2021-02-11,33,294336,8919,Cash
C831,Laiba,39,Hyderabad,2019-03-31,2022-05-18,38,96845,2549,Card
C832,Hassan,35,Karachi,2020-08-27,2022-05-24,40,916487,22912,Mobile Wallet
C833,Talha,39,Lahore,2023-09-12,2024-12-31,11,301653,27423,Bank Transfer
C834,Bushra,27,Lahore,2018-08-13,2022-08-15,29,269895,9307,Bank Transfer
C835,Ayesha,30,Gujranwala,2019-08-22,2022-06-30,19,883093,46479,Bank Transfer
C836,Farhan,33,Quetta,2022-03-18,2024-05-14,18,670234,37235,Bank Transfer
C837,Kiran,32,Sialkot,2023-03-02,2024-12-31,38,812837,21390,Cash
C838,Saima,44,Karachi,2022-12-22,2024-09-28,16,883275,55205,Mobile Wallet
C839,Hina,33,Rawalpindi,2023-04-17,2024-12-31,25,870273,34811,Cash
C840,Ayesha,33,Sialkot,2023-09-23,2024-12-31,23,629862,27385,Cash
C841,Fatima,39,Gujranwala,2022-08-18,2024-02-07,14,71088,5078,Card
C842,Iqra,35,Quetta,2018-04-19,2019-05-19,38,556562,14646,Mobile Wallet
C843,Laiba,28,Lahore,2021-11-14,2022-09-28,15,993935,66262,Cash
C844,Arslan,25,Lahore,2018-09-18,2019-07-19,31,788020,25420,Card
C845,Tania,37,Lahore,2021-06-13,2024-11-10,7,570020,81431,Card
C846,Hina,45,Rawalpindi,2021-09-26,2022-11-16,10,90053,9005,Cash
C847,Tania,35,Peshawar,2022-08-24,2023-06-20,34,157948,4646,Cash
C848,Maryam,27,Hyderabad,2023-04-02,2024-10-26,9,781160,86796,Bank Transfer
C849,Imran,33,Sialkot,2018-05-16,2020-09-26,39,670953,17204,Cash
C850,Rabia,36,Rawalpindi,2019-05-15,2022-04-25,36,169645,4712,Bank Transfer
C851,Saad,23,Hyderabad,2019-07-19,2022-03-28,18,74848,4158,Card
C852,Fatima,41,Quetta,2020-07-10,2022-06-19,35,416322,11895,Cash
C853,Rabia,43,Quetta,2020-07-13,2023-09-27,4,172784,43196,Cash
C854,Sara,39,Peshawar,2023-06-06,2023-11-27,16,315697,19731,Cash
C855,Fahad,26,Hyderabad,2020-08-05,2022-03-24,36,613003,17028,Cash
C856,Fatima,35,Karachi,2021-09-14,2022-09-24,6,242389,40398,Cash
C857,Sara,39,Quetta,2019-03-02,2021-01-25,30,491145,16372,Mobile Wallet
C858,Omar,44,Gujranwala,2020-04-15,2023-04-08,20,190637,9532,Bank Transfer
C859,Usman,35,Rawalpindi,2022-08-02,2024-08-27,28,871483,31124,Cash
C860,Talha,28,Lahore,2019-12-07,2022-11-25,10,676929,67693,Mobile Wallet
C861,Arslan,44,Islamabad,2018-12-04,2019-12-26,28,788894,28175,Mobile Wallet
C862,Kiran,40,Hyderabad,2018-03-06,2018-04-05,37,727921,19674,Bank Transfer
C863,Mahnoor,29,Hyderabad,2023-07-09,2024-12-31,11,921932,83812,Card
C864,Ali,21,Gujranwala,2019-06-20,2022-01-16,37,265308,7170,Mobile Wallet
C865,Fahad,37,Rawalpindi,2023-04-24,2024-12-31,40,106692,2667,Mobile Wallet
C866,Bushra,26,Rawalpindi,2020-03-21,2022-06-29,16,655745,40984,Cash
C867,Mahnoor,41,Faisalabad,2021-03-03,2023-05-25,30,434022,14467,Cash
C868,Saad,45,Karachi,2019-09-09,2023-01-31,13,454345,34950,Bank Transfer
C869,Sana,31,Gujranwala,2020-06-19,2020-11-14,6,646139,107690,Bank Transfer
C870,Aisha,41,Quetta,2020-01-18,2022-08-22,17,199651,11744,Cash
C871,Hassan,23,Sialkot,2019-06-05,2022-04-21,10,230749,23075,Mobile Wallet
C872,Maryam,27,Lahore,2022-06-20,2022-11-13,21,98546,4693,Cash
C873,Rabia,39,Quetta,2021-02-10,2022-12-03,5,514963,102993,Card
C874,Maryam,32,Sialkot,2021-01-05,2022-01-26,35,105291,3008,Bank Transfer
C875,Mahnoor,38,Peshawar,2020-02-28,2022-02-14,17,99699,5865,Bank Transfer
C876,Noor,26,Rawalpindi,2021-06-28,2024-06-20,34,759567,22340,Mobile Wallet
C877,Noman,27,Islamabad,2020-11-04,2022-09-03,40,939551,23489,Bank Transfer
C878,Noor,41,Faisalabad,2020-09-16,2021-01-08,34,893941,26292,Bank Transfer
C879,Laiba,20,Multan,2022-04-08,2024-10-10,10,414076,41408,Mobile Wallet
C880,Farhan,23,Quetta,2023-04-29,2023-07-07,37,782695,21154,Card
C881,Khalid,28,Rawalpindi,2023-05-22,2024-12-31,10,413381,41338,Mobile Wallet
C882,Noman,22,Karachi,2023-07-04,2023-11-08,32,642607,20081,Mobile Wallet
C883,Zain,35,Faisalabad,2020-05-17,2024-05-04,8,313564,39196,Card
C884,Usman,23,Sialkot,2019-06-12,2020-12-22,23,444880,19343,Mobile Wallet
C885,Imran,45,Faisalabad,2019-12-09,2021-01-07,6,671295,111882,Mobile Wallet
C886,Omar,36,Multan,2022-04-27,2024-04-01,30,746410,24880,Bank Transfer
C887,Rabia,26,Multan,2023-11-19,2024-12-31,20,248694,12435,Mobile Wallet
C888,Hassan,29,Islamabad,2021-09-20,2024-12-31,32,859604,26863,Card
C889,Kiran,25,Hyderabad,2022-05-06,2024-10-12,6,430326,71721,Card
C890,Talha,20,Peshawar,2018-08-28,2019-05-13,12,912670,76056,Cash
C891,Hamza,44,Faisalabad,2018-07-10,2022-06-22,16,377276,23580,Cash
C892,Laiba,22,Rawalpindi,2019-11-17,2021-01-24,13,955957,73535,Bank Transfer
C893,Noman,41,Islamabad,2019-07-06,2022-11-07,28,958978,34249,Card
C894,Bushra,21,Sialkot,2020-12-12,2022-04-16,35,487527,13929,Cash
C895,Tania,38,Quetta,2019-06-30,2020-10-30,11,294600,26782,Bank Transfer
C896,Anum,25,Peshawar,2018-01-03,2018-08-21,22,898979,40863,Mobile Wallet
C897,Zara,41,Quetta,2022-07-28,2023-02-21,15,267311,17821,Cash
C898,Hassan,23,Karachi,2020-10-25,2021-04-09,18,163739,9097,Card
C899,Ali,21,Gujranwala,2020-03-24,2021-06-10,26,577280,22203,Cash
C900,Usman,32,Multan,2022-06-14,2024-06-21,33,420013,12728,Card
C901,Bushra,34,Hyderabad,2020-10-26,2023-01-26,20,984182,49209,Bank Transfer
C902,Maryam,44,Faisalabad,2021-04-27,2024-07-28,22,714428,32474,Cash
C903,Aisha,35,Karachi,2018-05-31,2020-04-13,3,267864,89288,Bank Transfer
C904,Imran,33,Peshawar,2020-08-01,2022-02-11,18,327712,18206,Bank Transfer
C905,Iqra,22,Multan,2020-04-09,2023-11-18,33,424021,12849,Mobile Wallet
C906,Hassan,30,Quetta,2022-09-18,2023-02-04,12,883958,73663,Bank Transfer
C907,Mahnoor,24,Lahore,2018-11-14,2022-10-23,16,551268,34454,Cash
C908,Yusuf,28,Faisalabad,2023-05-13,2024-12-31,17,594329,34961,Card
C909,Saima,31,Lahore,2018-02-08,2019-03-18,35,513152,14661,Mobile Wallet
C910,Ali,41,Gujranwala,2021-06-19,2023-11-08,9,261317,29035,Cash
C911,Ahmed,32,Quetta,2021-11-10,2022-03-01,15,761127,50742,Mobile Wallet
C912,Waqar,21,Multan,2020-07-14,2020-11-08,36,656172,18227,Card
C913,Iqra,32,Faisalabad,2020-03-20,2021-05-16,39,268103,6874,Bank Transfer
C914,Waqar,26,Faisalabad,2023-10-19,2024-12-31,19,396861,20887,Cash
C915,Noor,41,Sialkot,2023-02-21,2023-10-21,40,631286,15782,Card
C916,Kiran,41,Faisalabad,2021-03-27,2022-10-29,7,530615,75802,Mobile Wallet
C917,Yusuf,27,Quetta,2019-05-03,2021-03-26,15,621722,41448,Mobile Wallet
C918,Nadia,30,Quetta,2023-11-19,2024-11-10,25,574870,22995,Mobile Wallet
C919,Tania,29,Rawalpindi,2020-09-21,2023-04-04,35,341307,9752,Cash
C920,Imran,40,Hyderabad,2019-03-15,2021-01-22,10,198073,19807,Bank Transfer
C921,Tania,30,Faisalabad,2022-06-11,2024-12-31,11,752689,68426,Mobile Wallet
C922,Arslan,27,Islamabad,2023-12-01,2024-12-31,11,926648,84241,Cash
C923,Arslan,42,Lahore,2019-03-15,2019-06-20,16,366177,22886,Bank Transfer
C924,Kiran,25,Faisalabad,2020-07-30,2022-08-23,12,901334,75111,Bank Transfer
C925,Mahnoor,20,Sialkot,2018-05-03,2020-11-14,31,674791,21767,Card
C926,Anum,42,Gujranwala,2018-10-14,2019-10-05,5,644514,128903,Cash
C927,Maryam,32,Lahore,2018-04-17,2019-03-12,21,536936,25568,Bank Transfer
C928,Zain,37,Rawalpindi,2018-04-03,2020-04-27,32,604537,18892,Cash
C929,Usman,45,Sialkot,2022-08-14,2024-12-31,3,247500,82500,Mobile Wallet
C930,Noman,28,Sialkot,2020-02-23,2022-11-16,4,735940,183985,Cash
C931,Sara,42,Islamabad,2020-10-17,2023-08-29,39,357883,9176,Cash
C932,Ali,28,Islamabad,2018-07-28,2019-09-02,4,760277,190069,Bank Transfer
C933,Khalid,40,Hyderabad,2023-07-08,2024-12-31,22,920001,41818,Bank Transfer
C934,Omar,45,Peshawar,2018-06-21,2020-11-11,30,44050,1468,Card
C935,Aisha,42,Rawalpindi,2020-02-14,2021-12-07,36,305137,8476,Bank Transfer
C936,Yusuf,21,Sialkot,2022-10-22,2024-12-31,40,382917,9573,Bank Transfer
C937,Saima,35,Peshawar,2018-02-08,2022-02-09,3,706943,235648,Bank Transfer
C938,Rabia,33,Rawalpindi,2018-05-13,2020-01-11,38,428033,11264,Card
C939,Usman,27,Lahore,2018-06-12,2021-06-10,18,563569,31309,Cash
C940,Sana,44,Sialkot,2021-01-21,2023-09-06,28,327373,11692,Cash
C941,Nadia,23,Hyderabad,2023-11-24,2024-12-31,38,294590,7752,Mobile Wallet
C942,Usman,33,Lahore,2022-03-03,2023-06-14,4,733179,183295,Bank Transfer
C943,Bilal,34,Multan,2021-01-11,2021-07-03,35,442653,12647,Cash
C944,Farhan,41,Karachi,2020-01-14,2020-10-06,15,889292,59286,Mobile Wallet
C945,Khalid,34,Hyderabad,2021-10-05,2022-03-13,9,31266,3474,Bank Transfer
C946,Farhan,44,Multan,2022-09-24,2024-12-31,3,780150,260050,Bank Transfer
C947,Laiba,21,Quetta,2018-10-09,2019-07-03,28,942238,33651,Cash
C948,Yusuf,33,Quetta,2022-01-08,2024-12-31,17,335369,19728,Card
C949,Aisha,34,Gujranwala,2022-04-09,2024-12-31,30,747568,24919,Cash
C950,Iqra,21,Lahore,2021-08-31,2024-06-30,6,941176,156863,Cash
C951,Danish,41,Quetta,2021-11-19,2023-07-14,23,496296,21578,Cash
C952,Bilal,20,Rawalpindi,2023-06-26,2024-04-20,21,820101,39052,Bank Transfer
C953,Saima,38,Karachi,2018-02-18,2021-06-29,20,515724,25786,Bank Transfer
C954,Danish,20,Gujranwala,2022-02-01,2022-09-26,27,922022,34149,Cash
C955,Talha,22,Peshawar,2021-08-28,2022-01-30,16,766393,47900,Card
C956,Waqar,32,Gujranwala,2022-02-06,2022-04-12,28,145528,5197,Mobile Wallet
C957,Tania,39,Sialkot,2022-04-06,2024-12-31,40,901250,22531,Card
C958,Kiran,41,Peshawar,2021-03-09,2021-07-09,6,263732,43955,Cash
C959,Danish,45,Sialkot,2019-10-22,2022-06-17,17,218554,12856,Card
C960,Sara,44,Multan,2022-07-27,2024-12-31,12,569660,47472,Bank Transfer
C961,Bushra,33,Gujranwala,2018-08-07,2020-09-21,8,811279,101410,Bank Transfer
C962,Kiran,40,Islamabad,2018-07-15,2020-01-03,31,431756,13928,Cash
C963,Bilal,39,Karachi,2018-03-02,2021-06-02,34,447355,13158,Bank Transfer
C964,Usman,39,Rawalpindi,2020-07-06,2021-01-29,23,746397,32452,Cash
C965,Zara,34,Lahore,2022-02-15,2024-03-29,32,376438,11764,Bank Transfer
C966,Talha,26,Karachi,2022-07-11,2024-04-08,11,932537,84776,Mobile Wallet
C967,Bilal,23,Faisalabad,2018-09-13,2018-10-17,26,446308,17166,Mobile Wallet
C968,Aisha,20,Gujranwala,2023-08-25,2024-12-31,36,228883,6358,Mobile Wallet
C969,Bilal,38,Islamabad,2018-10-11,2021-04-05,28,725998,25928,Card
C970,Zain,21,Hyderabad,2021-06-13,2021-09-05,7,191648,27378,Bank Transfer
C971,Uzma,44,Islamabad,2023-07-05,2024-12-31,33,516075,15639,Mobile Wallet
C972,Anum,44,Faisalabad,2021-05-20,2024-07-27,4,942642,235660,Cash
C973,Hassan,37,Multan,2023-01-22,2024-12-31,40,784429,19611,Card
C974,Aisha,21,Peshawar,2019-04-13,2020-03-18,33,259095,7851,Cash
C975,Ibrahim,23,Hyderabad,2020-01-18,2020-12-08,4,809090,202272,Mobile Wallet
C976,Anum,22,Islamabad,2020-01-19,2023-10-12,15,342429,22829,Cash
C977,Sara,24,Karachi,2021-04-12,2023-08-20,11,783180,71198,Cash
C978,Ibrahim,24,Hyderabad,2022-09-13,2024-12-31,28,177662,6345,Card
C979,Usman,39,Sialkot,2020-06-26,2023-03-30,37,513531,13879,Cash
C980,Fahad,32,Gujranwala,2020-12-29,2022-10-21,30,642095,21403,Bank Transfer
C981,Fatima,35,Peshawar,2023-09-12,2024-12-31,25,632860,25314,Mobile Wallet
C982,Omar,21,Peshawar,2019-01-11,2019-07-06,11,33739,3067,Mobile Wallet
C983,Yusuf,28,Faisalabad,2022-12-19,2024-12-31,11,507465,46133,Cash
C984,Yusuf,39,Karachi,2019-04-10,2022-11-10,16,660679,41292,Cash
C985,Arslan,45,Sialkot,2023-01-11,2024-12-31,17,679185,39952,Cash
C986,Zain,29,Peshawar,2020-09-03,2023-01-12,10,902197,90220,Bank Transfer
C987,Bushra,34,Sialkot,2019-08-26,2023-07-08,13,566814,43601,Bank Transfer
C988,Farhan,44,Multan,2020-03-12,2022-04-29,24,406887,16954,Mobile Wallet
C989,Sana,45,Peshawar,2023-12-11,2024-03-22,15,441549,29437,Bank Transfer
C990,Hina,29,Gujranwala,2023-09-01,2024-12-31,33,428187,12975,Cash
C991,Talha,42,Sialkot,2020-07-11,2023-06-11,37,339508,9176,Card
C992,Saad,34,Hyderabad,2019-04-14,2021-02-06,29,907201,31283,Bank Transfer
C993,Uzma,44,Quetta,2020-10-06,2021-05-23,3,176316,58772,Bank Transfer
C994,Hina,30,Faisalabad,2023-10-23,2024-12-03,29,956313,32976,Bank Transfer
C995,Noman,42,Gujranwala,2021-01-18,2023-01-20,12,143289,11941,Card
C996,Zara,44,Gujranwala,2020-04-10,2020-12-04,34,295732,8698,Mobile Wallet
C997,Fahad,26,Faisalabad,2022-05-14,2023-06-08,3,869547,289849,Cash
C998,Anum,28,Quetta,2022-12-07,2024-12-31,11,165753,15068,Mobile Wallet
C999,Iqra,37,Sialkot,2020-07-31,2022-09-06,13,502196,38630,Bank Transfer
C1000,Aisha,24,Islamabad,2021-08-01,2023-06-09,6,158505,26418,Cash
C1001,Nadia,22,Gujranwala,2020-12-31,2022-09-03,34,522969,15381,Mobile Wallet
C1002,Waqar,37,Rawalpindi,2019-07-27,2022-12-13,32,713966,22311,Card
C1003,Noman,25,Sialkot,2021-11-22,2023-01-09,34,71572,2105,Mobile Wallet
C1004,Omar,29,Rawalpindi,2022-11-13,2023-01-23,6,290150,48358,Cash
C1005,Aisha,35,Rawalpindi,2022-03-02,2024-08-04,20,479970,23998,Cash
C1006,Ayesha,21,Sialkot,2018-06-19,2021-01-05,36,601281,16702,Bank Transfer
C1007,Ali,33,Quetta,2019-08-19,2022-11-25,9,63552,7061,Mobile Wallet
C1008,Sana,27,Quetta,2019-12-02,2020-04-11,36,490759,13632,Cash
C1009,Zain,29,Hyderabad,2022-06-03,2024-09-29,8,362753,45344,Card
C1010,Sana,26,Peshawar,2019-05-05,2021-03-05,20,659286,32964,Card
C1011,Khalid,32,Hyderabad,2022-07-28,2023-11-18,28,602705,21525,Bank Transfer
C1012,Fatima,32,Multan,2021-11-17,2023-01-26,18,38201,2122,Card
C1013,Tania,45,Faisalabad,2019-04-04,2019-12-31,35,991602,28331,Cash
C1014,Talha,23,Quetta,2021-04-16,2022-02-01,14,155442,11103,Bank Transfer
C1015,Maryam,25,Gujranwala,2020-06-18,2022-12-06,16,731250,45703,Card
C1016,Danish,21,Lahore,2021-05-25,2023-08-16,9,155812,17312,Mobile Wallet
C1017,Nadia,22,Sialkot,2020-02-27,2022-12-02,11,855348,77759,Mobile Wallet
C1018,Danish,38,Multan,2021-11-04,2024-12-31,11,767819,69802,Bank Transfer
C1019,Rabia,25,Karachi,2019-08-27,2022-12-22,12,356612,29718,Card
C1020,Rabia,20,Islamabad,2020-01-22,2023-02-18,34,834924,24557,Cash
C1021,Nadia,25,Islamabad,2023-04-02,2024-01-30,29,745994,25724,Card
C1022,Uzma,39,Multan,2019-12-30,2020-07-29,38,173352,4562,Bank Transfer
C1023,Ahmed,34,Faisalabad,2020-07-03,2024-05-31,15,609945,40663,Mobile Wallet
C1024,Arslan,45,Karachi,2019-04-23,2020-11-27,18,839543,46641,Mobile Wallet
C1025,Noman,21,Gujranwala,2023-06-01,2024-12-25,19,998231,52538,Bank Transfer
C1026,Noman,32,Gujranwala,2020-07-09,2023-03-28,10,706611,70661,Mobile Wallet
C1027,Hina,34,Gujranwala,2022-06-21,2024-11-25,9,159303,17700,Bank Transfer
C1028,Fatima,35,Karachi,2018-03-02,2022-02-01,3,874436,291479,Cash
C1029,Imran,33,Karachi,2019-05-25,2020-07-14,21,641715,30558,Card
C1030,Waqar,21,Islamabad,2018-09-11,2019-12-18,7,396185,56598,Bank Transfer
C1031,Yusuf,40,Multan,2023-09-05,2024-02-11,37,881910,23835,Card
C1032,Ayesha,42,Islamabad,2019-05-31,2023-04-14,20,528827,26441,Bank Transfer
C1033,Mahnoor,35,Karachi,2023-08-19,2024-12-07,13,311458,23958,Bank Transfer
C1034,Sana,35,Rawalpindi,2023-06-24,2024-12-31,10,553462,55346,Bank Transfer
C1035,Yusuf,44,Multan,2021-12-24,2023-11-22,31,391392,12626,Cash
C1036,Kiran,27,Gujranwala,2023-11-07,2024-12-31,11,25684,2335,Cash
C1037,Aisha,24,Gujranwala,2023-06-08,2024-12-31,12,262475,21873,Mobile Wallet
C1038,Saima,26,Karachi,2021-10-20,2024-09-24,27,574837,21290,Card
C1039,Tania,36,Quetta,2022-01-30,2022-04-24,17,112103,6594,Mobile Wallet
C1040,Talha,27,Multan,2018-10-22,2020-08-13,24,201748,8406,Mobile Wallet
C1041,Sana,38,Gujranwala,2019-04-17,2020-01-25,17,829843,48814,Card
C1042,Uzma,31,Karachi,2019-02-15,2019-07-23,6,977109,162852,Bank Transfer
C1043,Ali,34,Lahore,2023-12-12,2024-12-31,10,630265,63026,Bank Transfer
C1044,Usman,30,Gujranwala,2019-05-13,2019-07-16,10,529023,52902,Mobile Wallet
C1045,Tania,24,Islamabad,2018-09-18,2022-09-13,36,475316,13203,Mobile Wallet
C1046,Noman,30,Islamabad,2022-08-01,2024-12-31,12,628956,52413,Card
C1047,Omar,26,Lahore,2020-05-30,2024-03-09,12,100383,8365,Cash
C1048,Mahnoor,26,Islamabad,2019-12-24,2021-08-04,16,752819,47051,Cash
C1049,Kiran,41,Multan,2021-06-15,2024-03-04,27,103729,3842,Mobile Wallet
C1050,Zara,22,Quetta,2019-12-21,2020-02-20,13,140418,10801,Bank Transfer
C1051,Bilal,27,Sialkot,2018-07-26,2019-08-08,26,797498,30673,Cash
C1052,Yusuf,33,Multan,2018-09-02,2019-05-03,14,171693,12264,Bank Transfer
C1053,Nadia,25,Peshawar,2018-04-06,2020-07-19,36,520954,14471,Cash
C1054,Noor,29,Faisalabad,2019-05-10,2020-05-17,29,363859,12547,Cash
C1055,Waqar,22,Rawalpindi,2022-10-19,2022-12-10,17,688318,40489,Card
C1056,Khalid,21,Quetta,2023-08-09,2024-12-31,21,47730,2273,Bank Transfer
C1057,Zain,32,Faisalabad,2022-07-22,2023-01-18,28,895895,31996,Card
C1058,Fatima,45,Islamabad,2023-05-04,2024-12-31,14,577347,41239,Bank Transfer
C1059,Laiba,36,Islamabad,2023-03-28,2024-04-19,38,312896,8234,Cash
C1060,Uzma,38,Gujranwala,2022-09-28,2023-10-30,40,649505,16238,Mobile Wallet
C1061,Waqar,31,Sialkot,2018-04-01,2021-10-22,40,364537,9113,Mobile Wallet
C1062,Fatima,21,Sialkot,2022-10-21,2024-12-31,34,640589,18841,Card
C1063,Yusuf,23,Lahore,2020-03-15,2020-11-15,15,954095,63606,Bank Transfer
C1064,Kiran,43,Gujranwala,2023-02-13,2024-12-31,5,611521,122304,Cash
C1065,Nadia,32,Islamabad,2019-12-21,2023-02-19,33,775478,23499,Card
C1066,Saad,32,Lahore,2022-05-09,2023-02-12,7,995455,142208,Mobile Wallet
C1067,Zain,37,Gujranwala,2023-01-10,2024-12-31,36,525852,14607,Mobile Wallet
C1068,Ibrahim,45,Quetta,2023-03-21,2024-05-03,36,663941,18443,Card
C1069,Mahnoor,41,Rawalpindi,2019-10-19,2021-07-22,9,84547,9394,Mobile Wallet
C1070,Ahmed,26,Gujranwala,2020-05-04,2021-06-19,15,769129,51275,Card
C1071,Talha,36,Karachi,2021-08-07,2022-05-11,17,644208,37895,Bank Transfer
C1072,Talha,26,Gujranwala,2019-12-06,2020-06-13,6,172766,28794,Mobile Wallet
C1073,Tania,44,Hyderabad,2019-05-21,2022-07-06,18,165259,9181,Bank Transfer
C1074,Sara,37,Gujranwala,2019-12-25,2021-05-26,10,653140,65314,Bank Transfer
C1075,Ibrahim,20,Peshawar,2023-06-01,2024-12-31,37,663274,17926,Bank Transfer
C1076,Anum,34,Faisalabad,2020-03-14,2023-03-24,39,514740,13198,Mobile Wallet
C1077,Omar,23,Lahore,2021-11-21,2023-12-01,36,312513,8681,Card
C1078,Noman,39,Rawalpindi,2020-01-11,2020-03-18,39,718522,18424,Mobile Wallet
C1079,Zain,45,Hyderabad,2019-05-19,2020-07-15,15,538051,35870,Bank Transfer
C1080,Bushra,27,Peshawar,2022-09-10,2023-08-22,21,946261,45060,Bank Transfer
C1081,Saad,41,Sialkot,2021-09-18,2023-12-11,15,932511,62167,Mobile Wallet
C1082,Ayesha,25,Karachi,2020-12-04,2023-03-20,9,725637,80626,Card
C1083,Hina,43,Quetta,2022-02-15,2024-12-31,34,335441,9866,Mobile Wallet
C1084,Aisha,43,Gujranwala,2023-02-28,2024-12-31,34,426289,12538,Cash
C1085,Fatima,44,Quetta,2023-03-29,2023-05-09,30,291839,9728,Mobile Wallet
C1086,Danish,32,Islamabad,2023-05-19,2023-12-28,9,526842,58538,Bank Transfer
C1087,Usman,29,Gujranwala,2018-05-23,2022-06-19,39,870697,22326,Card
C1088,Noor,43,Sialkot,2018-10-21,2022-04-16,14,582699,41621,Mobile Wallet
C1089,Ali,28,Peshawar,2021-04-20,2024-08-17,14,529517,37823,Card
C1090,Laiba,27,Quetta,2021-07-13,2024-07-16,8,522467,65308,Mobile Wallet
C1091,Zara,37,Multan,2019-03-03,2019-10-16,31,518187,16716,Bank Transfer
C1092,Sana,35,Gujranwala,2019-02-06,2019-08-12,3,890515,296838,Mobile Wallet
C1093,Rabia,42,Rawalpindi,2019-01-26,2022-01-05,29,829338,28598,Mobile Wallet
C1094,Nadia,42,Karachi,2019-09-05,2022-08-01,27,165259,6121,Card
C1095,Hassan,43,Karachi,2021-04-03,2023-01-17,24,666994,27791,Card
C1096,Farhan,23,Gujranwala,2020-07-18,2021-11-16,20,650474,32524,Mobile Wallet
C1097,Aisha,33,Karachi,2023-10-13,2024-01-15,7,206582,29512,Mobile Wallet
C1098,Ayesha,20,Islamabad,2023-05-04,2024-12-31,12,687241,57270,Bank Transfer
C1099,Iqra,33,Hyderabad,2023-12-10,2024-12-31,31,43670,1409,Cash
C1100,Farhan,25,Peshawar,2023-08-12,2024-12-31,28,528103,18861,Cash
C1101,Khalid,27,Multan,2019-03-06,2020-06-16,29,198132,6832,Cash
C1102,Hamza,29,Sialkot,2021-09-16,2021-11-29,7,405334,57905,Mobile Wallet
C1103,Uzma,23,Karachi,2022-02-06,2023-04-27,4,334406,83602,Bank Transfer
C1104,Talha,40,Multan,2022-07-30,2023-10-10,25,340780,13631,Cash
C1105,Khalid,33,Gujranwala,2023-11-16,2024-12-31,35,915914,26169,Mobile Wallet
C1106,Fatima,35,Lahore,2018-12-13,2019-08-08,18,766872,42604,Mobile Wallet
C1107,Talha,36,Faisalabad,2022-09-09,2023-04-26,22,550190,25009,Cash
C1108,Usman,32,Rawalpindi,2023-11-11,2024-12-31,32,103685,3240,Cash
C1109,Rabia,31,Islamabad,2018-02-06,2021-02-08,23,683827,29732,Bank Transfer
C1110,Kiran,23,Rawalpindi,2022-05-22,2023-04-18,5,903129,180626,Cash
C1111,Nadia,42,Multan,2018-12-07,2019-07-26,10,569854,56985,Cash
C1112,Laiba,41,Gujranwala,2018-06-04,2022-03-22,19,497539,26186,Cash
C1113,Bilal,44,Gujranwala,2023-07-08,2024-12-31,4,301626,75406,Card
C1114,Anum,36,Sialkot,2019-09-12,2022-10-05,22,998444,45384,Cash
C1115,Bilal,38,Karachi,2020-03-25,2022-06-20,40,909695,22742,Bank Transfer
C1116,Imran,28,Multan,2019-04-10,2021-06-19,9,482497,53611,Bank Transfer
C1117,Fahad,40,Islamabad,2019-05-31,2022-02-15,15,768111,51207,Bank Transfer
C1118,Khalid,38,Islamabad,2022-11-12,2024-12-31,25,364141,14566,Mobile Wallet
C1119,Usman,21,Hyderabad,2019-02-23,2022-05-01,9,936394,104044,Cash
C1120,Bushra,27,Quetta,2022-05-30,2024-12-31,12,32179,2682,Mobile Wallet
C1121,Noman,33,Karachi,2023-12-25,2024-02-16,8,610254,76282,Bank Transfer
C1122,Talha,39,Multan,2022-07-04,2024-12-31,6,32886,5481,Card
C1123,Laiba,41,Rawalpindi,2022-06-11,2023-08-13,30,954668,31822,Card
C1124,Talha,22,Karachi,2023-01-28,2023-04-16,30,228799,7627,Card
C1125,Danish,42,Quetta,2020-11-06,2022-09-05,16,549219,34326,Bank Transfer
C1126,Saima,44,Gujranwala,2018-12-22,2020-01-07,12,953590,79466,Mobile Wallet
C1127,Saad,36,Multan,2022-01-28,2023-01-15,4,765907,191477,Bank Transfer
C1128,Tania,29,Islamabad,2020-05-26,2022-03-22,33,225203,6824,Card
C1129,Fahad,42,Gujranwala,2019-07-01,2022-12-09,36,740821,20578,Bank Transfer
C1130,Yusuf,25,Quetta,2023-11-28,2024-12-31,15,981932,65462,Cash
C1131,Hassan,39,Faisalabad,2018-01-25,2021-01-08,26,122543,4713,Mobile Wallet
C1132,Sara,35,Hyderabad,2019-06-25,2020-06-19,5,921103,184221,Card
C1133,Waqar,45,Rawalpindi,2018-02-28,2019-03-05,13,394784,30368,Bank Transfer
C1134,Tania,26,Faisalabad,2018-11-22,2021-07-01,22,266531,12115,Mobile Wallet
C1135,Saima,30,Gujranwala,2022-03-03,2023-03-03,18,877095,48728,Bank Transfer
C1136,Waqar,32,Karachi,2022-02-28,2024-12-15,7,44587,6370,Bank Transfer
C1137,Noor,32,Karachi,2020-02-10,2020-08-27,19,30796,1621,Cash
C1138,Aisha,41,Peshawar,2023-03-29,2024-01-30,17,29847,1756,Cash
C1139,Ayesha,37,Sialkot,2020-11-10,2022-04-29,34,646967,19028,Bank Transfer
C1140,Sara,26,Faisalabad,2021-06-12,2023-07-21,34,363630,10695,Cash
C1141,Bushra,45,Lahore,2018-09-01,2020-07-26,26,731995,28154,Cash
C1142,Nadia,25,Rawalpindi,2023-12-02,2024-12-31,34,415138,12210,Card
C1143,Noman,25,Gujranwala,2019-08-17,2021-11-03,27,922154,34154,Bank Transfer
C1144,Fatima,37,Peshawar,2018-02-03,2019-04-28,13,654180,50322,Card
C1145,Nadia,44,Sialkot,2022-10-22,2024-12-31,27,708929,26257,Mobile Wallet
C1146,Saad,35,Sialkot,2018-03-10,2020-05-22,37,745334,20144,Cash
C1147,Farhan,23,Peshawar,2023-11-02,2024-12-31,40,827236,20681,Mobile Wallet
C1148,Noman,42,Multan,2020-01-26,2023-03-24,5,841581,168316,Bank Transfer
C1149,Khalid,37,Faisalabad,2018-06-01,2022-05-14,27,395538,14650,Cash
C1150,Hassan,35,Peshawar,2023-12-16,2024-12-31,39,331704,8505,Mobile Wallet
C1151,Bilal,34,Rawalpindi,2018-03-15,2019-07-08,9,96322,10702,Card
C1152,Zara,20,Quetta,2019-03-24,2019-11-17,24,795106,33129,Mobile Wallet
C1153,Laiba,22,Gujranwala,2021-10-10,2022-11-18,26,439442,16902,Bank Transfer
C1154,Tania,25,Faisalabad,2022-02-15,2023-05-29,30,24156,805,Card
C1155,Bushra,25,Quetta,2018-08-11,2022-07-24,7,823333,117619,Cash
C1156,Fatima,20,Lahore,2020-12-15,2022-02-27,7,267969,38281,Bank Transfer
C1157,Hassan,41,Hyderabad,2018-11-16,2019-03-11,14,989659,70690,Bank Transfer
C1158,Maryam,36,Hyderabad,2021-04-02,2024-12-31,15,887170,59145,Cash
C1159,Imran,28,Islamabad,2022-05-16,2024-12-31,39,906993,23256,Mobile Wallet
C1160,Bushra,31,Hyderabad,2020-02-19,2022-02-24,25,489586,19583,Mobile Wallet
C1161,Hamza,36,Peshawar,2020-02-13,2020-09-04,25,316296,12652,Cash
C1162,Sana,32,Peshawar,2021-11-12,2022-02-17,37,606117,16382,Bank Transfer
C1163,Maryam,29,Faisalabad,2021-09-10,2024-11-02,16,115228,7202,Card
C1164,Yusuf,30,Multan,2021-01-11,2021-03-30,28,599752,21420,Bank Transfer
C1165,Bilal,41,Faisalabad,2022-07-01,2024-08-21,31,214104,6907,Bank Transfer
C1166,Mahnoor,24,Karachi,2018-04-05,2021-01-18,38,988408,26011,Mobile Wallet
C1167,Fatima,44,Quetta,2020-02-24,2022-02-09,37,714923,19322,Mobile Wallet
C1168,Mahnoor,25,Islamabad,2019-04-18,2020-03-24,22,541568,24617,Card
C1169,Kiran,40,Rawalpindi,2022-01-26,2024-12-31,3,715109,238370,Card
C1170,Bushra,34,Multan,2021-11-28,2023-12-05,36,997005,27695,Card
C1171,Uzma,39,Gujranwala,2022-12-20,2024-12-31,24,738277,30762,Card
C1172,Kiran,36,Multan,2020-05-23,2022-10-21,40,359943,8999,Card
C1173,Sana,28,Quetta,2022-05-18,2023-01-04,24,763897,31829,Mobile Wallet
C1174,Noman,37,Rawalpindi,2018-08-02,2018-10-28,40,785453,19636,Cash
C1175,Arslan,39,Islamabad,2022-07-23,2024-11-22,5,292892,58578,Cash
C1176,Yusuf,25,Hyderabad,2018-11-26,2022-01-22,18,293978,16332,Bank Transfer
C1177,Aisha,28,Gujranwala,2018-09-12,2018-11-21,4,73452,18363,Cash
C1178,Zain,42,Hyderabad,2019-01-05,2021-04-02,7,953472,136210,Cash
C1179,Saima,30,Rawalpindi,2023-06-04,2024-12-31,8,391503,48938,Cash
C1180,Kiran,31,Hyderabad,2020-07-05,2022-06-01,26,176086,6773,Bank Transfer
C1181,Sara,33,Karachi,2022-12-20,2024-12-31,21,127239,6059,Cash
C1182,Tania,38,Islamabad,2018-02-02,2021-09-01,17,876205,51541,Mobile Wallet
C1183,Talha,33,Rawalpindi,2023-01-20,2024-12-31,9,489207,54356,Card
C1184,Ibrahim,41,Peshawar,2020-03-25,2022-04-12,14,305886,21849,Card
C1185,Ahmed,28,Sialkot,2021-03-30,2023-03-09,12,274486,22874,Cash
C1186,Aisha,40,Sialkot,2019-07-27,2022-04-26,8,805381,100673,Mobile Wallet
C1187,Uzma,43,Sialkot,2021-05-15,2021-08-08,22,756817,34401,Card
C1188,Uzma,23,Gujranwala,2021-11-29,2024-12-31,34,458078,13473,Cash
C1189,Noor,37,Rawalpindi,2020-12-14,2021-05-13,38,616141,16214,Cash
C1190,Usman,39,Quetta,2022-05-03,2023-02-14,8,858620,107328,Bank Transfer
C1191,Saad,28,Quetta,2021-04-17,2021-07-21,17,661341,38902,Mobile Wallet
C1192,Usman,38,Peshawar,2023-08-19,2024-12-31,19,84737,4460,Bank Transfer
C1193,Ali,35,Gujranwala,2021-06-05,2022-12-30,9,596328,66259,Card
C1194,Laiba,32,Sialkot,2019-02-13,2020-06-14,7,250180,35740,Cash
C1195,Zara,30,Gujranwala,2019-02-12,2021-10-10,39,594730,15249,Mobile Wallet
C1196,Anum,28,Islamabad,2019-04-03,2022-10-31,40,969814,24245,Mobile Wallet
C1197,Zara,25,Gujranwala,2019-03-09,2020-02-17,37,786190,21248,Bank Transfer
C1198,Sana,35,Hyderabad,2019-01-18,2022-04-22,9,385730,42859,Card
C1199,Laiba,40,Islamabad,2023-04-21,2023-07-18,38,403165,10610,Bank Transfer
C1200,Hamza,27,Peshawar,2022-12-19,2024-12-31,28,333358,11906,Mobile Wallet
C1201,Talha,44,Hyderabad,2022-05-02,2024-12-31,12,486480,40540,Cash
C1202,Khalid,41,Gujranwala,2020-08-04,2021-07-06,36,475546,13210,Cash
C1203,Noman,44,Quetta,2020-04-21,2020-11-24,9,941256,104584,Mobile Wallet
C1204,Tania,20,Quetta,2022-08-14,2024-12-31,4,815555,203889,Mobile Wallet
C1205,Nadia,31,Lahore,2022-11-19,2024-12-31,10,437730,43773,Cash
C1206,Khalid,28,Peshawar,2019-07-06,2019-11-19,20,995144,49757,Mobile Wallet
C1207,Farhan,42,Karachi,2019-08-15,2021-03-31,31,712949,22998,Cash
C1208,Mahnoor,40,Multan,2018-01-15,2021-12-13,11,366367,33306,Bank Transfer
C1209,Waqar,20,Multan,2021-11-13,2023-02-01,27,651545,24131,Mobile Wallet
C1210,Zain,24,Hyderabad,2021-03-31,2023-01-22,25,92255,3690,Bank Transfer