,CustomerID,Name,Age,Gender,Country,Product,PurchaseAmount,Discount,PurchaseDate,Rating,NetPurchase,AgeGroup,CustomerScore
0,201,Ali,25.0,Male,Pakistan,Phone,50000.0,5.0,2023-01-10,4.5,47500.0,Young,9.25
1,202,Sara,28.0,Female,India,Laptop,120000.0,10.0,2023-02-15,5.0,108000.0,Young,15.8
2,203,Usman,30.0,Male,Pakistan,Tablet,84500.0,15.0,2023-03-12,4.0,71825.0,Adult,11.182500000000001
3,204,Ayesha,29.0,Female,Unknown,Phone,45000.0,5.0,2023-01-25,3.5,42750.0,Young,7.775
4,205,Hassan,27.0,Male,India,Laptop,110000.0,0.0,2023-02-10,4.8,110000.0,Young,15.8
5,206,Ali,25.0,Male,Pakistan,Phone,50000.0,5.0,2023-01-10,4.5,47500.0,Young,9.25
6,207,Zara,26.0,Female,UK,Tablet,70000.0,10.0,2023-04-01,4.2,63000.0,Young,10.5
7,208,Ahmed,32.0,Male,Pakistan,Phone,90000.0,20.0,2023-05-20,4.9,72000.0,Adult,12.100000000000001
8,209,Noor,28.0,Female,India,Laptop,115000.0,10.0,2023-06-15,4.40469387755102,103500.0,Young,14.75469387755102
9,210,Imran,31.0,Male,UK,Tablet,80000.0,15.0,2023-07-10,4.1,68000.0,Adult,10.899999999999999
10,211,Arif,28.0,Male,Pakistan,Phone,55000.0,5.0,2023-08-01,4.3,52250.0,Young,9.524999999999999
11,212,Hina,24.0,Female,India,Laptop,125000.0,10.0,2023-08-03,4.7,112500.0,Young,15.95
12,213,Kamran,33.0,Male,UK,Tablet,82000.0,15.0,2023-08-05,4.1,69700.0,Adult,11.07
13,214,Sana,27.0,Female,Pakistan,Phone,60000.0,5.0,2023-08-07,4.6,57000.0,Young,10.3
14,215,Farhan,29.0,Male,India,Laptop,118000.0,0.0,2023-08-09,4.8,118000.0,Young,16.6
15,216,Mehak,28.0,Female,UK,Tablet,75000.0,10.0,2023-08-10,4.2,67500.0,Young,10.95
16,217,Usama,31.0,Male,Pakistan,Phone,84500.0,5.0,2023-08-12,4.0,80275.0,Adult,12.0275
17,218,Aiman,26.0,Female,India,Laptop,122000.0,10.0,2023-08-14,4.9,109800.0,Young,15.88
18,219,Rizwan,34.0,Male,UK,Tablet,90000.0,15.0,2023-08-16,4.40469387755102,76500.0,Adult,12.05469387755102
19,220,Sobia,25.0,Female,Pakistan,Phone,52000.0,5.0,2023-08-18,3.9,49400.0,Young,8.84
20,221,Ali,27.0,Male,India,Laptop,130000.0,10.0,2023-08-20,4.8,117000.0,Young,16.5
21,222,Zainab,30.0,Female,UK,Tablet,78000.0,10.0,2023-08-22,4.4,70200.0,Adult,11.42
22,223,Omar,32.0,Male,Pakistan,Phone,95000.0,20.0,2023-08-24,4.9,76000.0,Adult,12.5
23,224,Hira,28.0,Female,India,Laptop,119000.0,10.0,2023-08-26,4.6,107100.0,Young,15.31
24,225,Bilal,28.0,Male,UK,Tablet,81000.0,0.0,2023-08-28,4.2,81000.0,Young,12.3
25,226,Ayesha,29.0,Female,Pakistan,Phone,58000.0,5.0,2023-08-30,4.1,55100.0,Young,9.61
26,227,Saad,35.0,Male,India,Laptop,140000.0,15.0,2023-09-01,4.9,119000.0,Adult,16.8
27,228,Nimra,26.0,Female,UK,Tablet,77000.0,10.0,2023-09-03,4.3,69300.0,Young,11.23
28,229,Imran,31.0,Male,Pakistan,Phone,61000.0,5.0,2023-09-05,4.0,57950.0,Adult,9.795
29,230,Sara,24.0,Female,India,Laptop,123000.0,0.0,2023-09-07,4.7,123000.0,Young,17.0
30,231,Ahmed,33.0,Male,UK,Tablet,88000.0,15.0,2023-09-09,4.5,74800.0,Adult,11.98
31,232,Areeba,27.0,Female,Pakistan,Phone,53000.0,5.0,2023-09-11,3.8,50350.0,Young,8.835
32,233,Hassan,30.0,Male,India,Laptop,84500.0,10.0,2023-09-13,4.6,76050.0,Adult,12.205
33,234,Zara,25.0,Female,UK,Tablet,76000.0,10.0,2023-09-15,4.2,68400.0,Young,11.04
34,235,Usman,32.0,Male,Pakistan,Phone,97000.0,20.0,2023-09-17,4.9,77600.0,Adult,12.66
35,236,Maryam,28.0,Female,India,Laptop,121000.0,10.0,2023-09-19,4.40469387755102,108900.0,Young,15.29469387755102
36,237,Kamran,34.0,Male,UK,Tablet,84000.0,15.0,2023-09-21,4.1,71400.0,Adult,11.239999999999998
37,238,Sana,26.0,Female,Pakistan,Phone,56000.0,5.0,2023-09-23,4.4,53200.0,Young,9.72
38,239,Farhan,29.0,Male,India,Laptop,135000.0,10.0,2023-09-25,4.8,121500.0,Young,16.95
39,240,Mehak,27.0,Female,UK,Tablet,79000.0,0.0,2023-09-27,4.3,79000.0,Young,12.2
40,241,Arif,31.0,Male,Pakistan,Phone,92000.0,20.0,2023-09-29,4.9,73600.0,Adult,12.260000000000002
41,242,Hina,24.0,Female,India,Laptop,117000.0,10.0,2023-10-01,4.6,105300.0,Young,15.129999999999999
42,243,Kamran,33.0,Male,UK,Tablet,86000.0,15.0,2023-10-03,4.2,73100.0,Adult,11.51
43,244,Sana,27.0,Female,Pakistan,Phone,84500.0,5.0,2023-10-05,4.1,80275.0,Young,12.1275
44,245,Farhan,29.0,Male,India,Laptop,128000.0,10.0,2023-10-07,4.7,115200.0,Young,16.22
45,246,Mehak,28.0,Female,UK,Tablet,80000.0,10.0,2023-10-09,4.3,72000.0,Young,11.5
46,247,Usama,30.0,Male,Pakistan,Phone,60000.0,5.0,2023-10-11,4.0,57000.0,Adult,9.7
47,248,Aiman,26.0,Female,India,Laptop,126000.0,0.0,2023-10-13,4.9,126000.0,Young,17.5
48,249,Rizwan,34.0,Male,UK,Tablet,91000.0,15.0,2023-10-15,4.4,77350.0,Adult,12.135000000000002
49,250,Sobia,25.0,Female,Pakistan,Phone,54000.0,5.0,2023-10-17,3.9,51300.0,Young,9.03
50,251,Ali,27.0,Male,India,Laptop,132000.0,10.0,2023-10-19,4.8,118800.0,Young,16.68
51,252,Zainab,30.0,Female,UK,Tablet,79000.0,10.0,2023-10-21,4.5,71100.0,Adult,11.61
52,253,Omar,32.0,Male,Pakistan,Phone,98000.0,20.0,2023-10-23,4.9,78400.0,Adult,12.74
53,254,Hira,26.0,Female,India,Laptop,120000.0,10.0,2023-10-25,4.6,108000.0,Young,15.4
54,255,Bilal,28.0,Male,UK,Tablet,84500.0,15.0,2023-10-27,4.2,71825.0,Young,11.3825
55,256,Ayesha,29.0,Female,Pakistan,Phone,59000.0,5.0,2023-10-29,4.1,56050.0,Young,9.705
56,257,Saad,35.0,Male,India,Laptop,142000.0,15.0,2023-10-31,4.9,120700.0,Adult,16.97
57,258,Nimra,26.0,Female,UK,Tablet,77000.0,10.0,2023-11-02,4.3,69300.0,Young,11.23
58,259,Imran,31.0,Male,Pakistan,Phone,62000.0,5.0,2023-11-04,4.0,58900.0,Adult,9.89
59,260,Sara,24.0,Female,India,Laptop,124000.0,10.0,2023-11-06,4.7,111600.0,Young,15.86
60,261,Ahmed,33.0,Male,UK,Tablet,89000.0,15.0,2023-11-08,4.5,75650.0,Adult,12.065000000000001
61,262,Areeba,27.0,Female,Pakistan,Phone,55000.0,5.0,2023-11-10,3.8,52250.0,Young,9.024999999999999
62,263,Hassan,30.0,Male,India,Laptop,119000.0,10.0,2023-11-12,4.6,107100.0,Adult,15.31
63,264,Zara,25.0,Female,UK,Tablet,76000.0,10.0,2023-11-14,4.2,68400.0,Young,11.04
64,265,Usman,32.0,Male,Pakistan,Phone,97000.0,20.0,2023-11-16,4.9,77600.0,Adult,12.66
65,266,Maryam,28.0,Female,India,Laptop,121000.0,0.0,2023-11-18,4.7,121000.0,Young,16.8
66,267,Kamran,34.0,Male,UK,Tablet,84000.0,15.0,2023-11-20,4.1,71400.0,Adult,11.239999999999998
67,268,Sana,26.0,Female,Pakistan,Phone,57000.0,5.0,2023-11-22,4.4,54150.0,Young,9.815000000000001
68,269,Farhan,29.0,Male,India,Laptop,136000.0,10.0,2023-11-24,4.8,122400.0,Young,17.04
69,270,Mehak,27.0,Female,UK,Tablet,79000.0,10.0,2023-11-26,4.3,71100.0,Young,11.41
70,271,Arif,31.0,Male,Pakistan,Phone,93000.0,20.0,2023-11-28,4.9,74400.0,Adult,12.34
71,272,Hina,24.0,Female,India,Laptop,118000.0,10.0,2023-11-30,4.6,106200.0,Young,15.219999999999999
72,273,Kamran,33.0,Male,UK,Tablet,87000.0,15.0,2023-12-02,4.2,73950.0,Adult,11.594999999999999
73,274,Sana,27.0,Female,Pakistan,Phone,61000.0,5.0,2023-12-04,4.1,57950.0,Young,9.895
74,275,Farhan,29.0,Male,India,Laptop,129000.0,10.0,2023-12-06,4.7,116100.0,Young,16.31
75,276,Mehak,28.0,Female,UK,Tablet,81000.0,0.0,2023-12-08,4.3,81000.0,Young,12.399999999999999
76,277,Usama,30.0,Male,Pakistan,Phone,60000.0,5.0,2023-12-10,4.0,57000.0,Adult,9.7
77,278,Aiman,26.0,Female,India,Laptop,127000.0,10.0,2023-12-12,4.9,114300.0,Young,16.33
78,279,Rizwan,34.0,Male,UK,Tablet,92000.0,15.0,2023-12-14,4.4,78200.0,Adult,12.22
79,280,Sobia,25.0,Female,Pakistan,Phone,56000.0,5.0,2023-12-16,3.9,53200.0,Young,9.22
80,281,Ali,27.0,Male,India,Laptop,133000.0,10.0,2023-12-18,4.8,119700.0,Young,16.77
81,282,Zainab,30.0,Female,UK,Tablet,80000.0,10.0,2023-12-20,4.5,72000.0,Adult,11.7
82,283,Omar,32.0,Male,Pakistan,Phone,99000.0,20.0,2023-12-22,4.9,79200.0,Adult,12.82
83,284,Hira,26.0,Female,India,Laptop,121000.0,10.0,2023-12-24,4.6,108900.0,Young,15.49
84,285,Bilal,28.0,Male,UK,Tablet,82000.0,15.0,2023-12-26,4.2,69700.0,Young,11.17
85,286,Ayesha,29.0,Female,Pakistan,Phone,60000.0,5.0,2023-12-28,4.1,57000.0,Young,9.8
86,287,Saad,35.0,Male,India,Laptop,145000.0,15.0,2023-12-30,4.9,123250.0,Adult,17.225
87,288,Nimra,26.0,Female,UK,Tablet,78000.0,10.0,2024-01-01,4.3,70200.0,Young,11.32
88,289,Imran,31.0,Male,Pakistan,Phone,63000.0,5.0,2024-01-03,4.0,59850.0,Adult,9.985
89,290,Sara,24.0,Female,India,Laptop,125000.0,0.0,2024-01-05,4.7,125000.0,Young,17.2
90,291,Ahmed,33.0,Male,UK,Tablet,90000.0,15.0,2024-01-07,4.5,76500.0,Adult,12.15
91,292,Areeba,27.0,Female,Pakistan,Phone,56000.0,5.0,2024-01-09,3.8,53200.0,Young,9.120000000000001
92,293,Hassan,30.0,Male,India,Laptop,120000.0,10.0,2024-01-11,4.6,108000.0,Adult,15.4
93,294,Zara,25.0,Female,UK,Tablet,77000.0,10.0,2024-01-13,4.2,69300.0,Young,11.129999999999999
94,295,Usman,32.0,Male,Pakistan,Phone,98000.0,20.0,2024-01-15,4.9,78400.0,Adult,12.74
95,296,Maryam,28.0,Female,India,Laptop,122000.0,10.0,2024-01-17,4.7,109800.0,Young,15.68
96,297,Kamran,34.0,Male,UK,Tablet,85000.0,15.0,2024-01-19,4.1,72250.0,Adult,11.325
97,298,Sana,26.0,Female,Pakistan,Phone,58000.0,5.0,2024-01-21,4.4,55100.0,Young,9.91
98,299,Farhan,29.0,Male,India,Laptop,137000.0,10.0,2024-01-23,4.8,123300.0,Young,17.13
99,300,Mehak,27.0,Female,UK,Tablet,80000.0,10.0,2024-01-25,4.3,72000.0,Young,11.5
100,301,Arif,31.0,Male,Pakistan,Phone,94000.0,20.0,2024-01-27,4.9,75200.0,Adult,12.42
101,302,Hina,24.0,Female,India,Laptop,119000.0,10.0,2024-01-29,4.6,107100.0,Young,15.31
102,303,Kamran,33.0,Male,UK,Tablet,88000.0,15.0,2024-01-31,4.2,74800.0,Adult,11.68
103,304,Sana,27.0,Female,Pakistan,Phone,62000.0,5.0,2024-02-02,4.1,58900.0,Young,9.989999999999998
104,305,Farhan,29.0,Male,India,Laptop,130000.0,10.0,2024-02-04,4.7,117000.0,Young,16.4
105,306,Mehak,28.0,Female,UK,Tablet,82000.0,0.0,2024-02-06,4.3,82000.0,Young,12.5
106,307,Usama,30.0,Male,Pakistan,Phone,61000.0,5.0,2024-02-08,4.0,57950.0,Adult,9.795
107,308,Aiman,26.0,Female,India,Laptop,128000.0,10.0,2024-02-10,4.9,115200.0,Young,16.42
108,309,Rizwan,34.0,Male,UK,Tablet,93000.0,15.0,2024-02-12,4.4,79050.0,Adult,12.305
109,310,Sobia,25.0,Female,Pakistan,Phone,57000.0,5.0,2024-02-14,3.9,54150.0,Young,9.315
110,311,Ali,28.0,Male,Pakistan,Phone,61000.0,5.0,2024-02-16,4.3,57950.0,Young,10.094999999999999
111,312,Sara,24.0,Female,India,Laptop,126000.0,10.0,2024-02-18,4.7,113400.0,Young,16.04
112,313,Usman,32.0,Male,UK,Tablet,88000.0,15.0,2024-02-20,4.2,74800.0,Adult,11.68
113,314,Ayesha,29.0,Female,Pakistan,Phone,59000.0,5.0,2024-02-22,4.1,56050.0,Young,9.705
114,315,Hassan,30.0,Male,India,Laptop,121000.0,0.0,2024-02-24,4.6,121000.0,Adult,16.7
115,316,Zara,25.0,Female,UK,Tablet,78000.0,10.0,2024-02-26,4.2,70200.0,Young,11.219999999999999
116,317,Ahmed,33.0,Male,Pakistan,Phone,84500.0,5.0,2024-02-28,4.0,80275.0,Adult,12.0275
117,318,Noor,26.0,Female,India,Laptop,129000.0,10.0,2024-03-01,4.8,116100.0,Young,16.41
118,319,Imran,31.0,Male,UK,Tablet,90000.0,15.0,2024-03-03,4.40469387755102,76500.0,Adult,12.05469387755102
119,320,Sobia,25.0,Female,Pakistan,Phone,54000.0,5.0,2024-03-05,3.9,51300.0,Young,9.03
120,321,Arif,28.0,Male,India,Laptop,133000.0,10.0,2024-03-07,4.9,119700.0,Young,16.87
121,322,Hina,28.0,Female,UK,Tablet,82000.0,10.0,2024-03-09,4.3,73800.0,Young,11.68
122,323,Kamran,34.0,Male,Pakistan,Phone,95000.0,20.0,2024-03-11,4.8,76000.0,Adult,12.399999999999999
123,324,Sana,27.0,Female,India,Laptop,120000.0,10.0,2024-03-13,4.6,108000.0,Young,15.4
124,325,Farhan,29.0,Male,UK,Tablet,79000.0,0.0,2024-03-15,4.3,79000.0,Young,12.2
125,326,Mehak,28.0,Female,Pakistan,Phone,60000.0,5.0,2024-03-17,4.1,57000.0,Young,9.8
126,327,Usama,30.0,Male,India,Laptop,137000.0,10.0,2024-03-19,4.9,123300.0,Adult,17.23
127,328,Aiman,26.0,Female,UK,Tablet,81000.0,10.0,2024-03-21,4.4,72900.0,Young,11.690000000000001
128,329,Rizwan,34.0,Male,Pakistan,Phone,92000.0,20.0,2024-03-23,4.7,73600.0,Adult,12.06
129,330,Sobia,25.0,Female,India,Laptop,124000.0,10.0,2024-03-25,4.6,111600.0,Young,15.76
130,331,Ali,27.0,Male,UK,Tablet,85000.0,15.0,2024-03-27,4.2,72250.0,Young,11.425
131,332,Zainab,30.0,Female,Pakistan,Phone,57000.0,5.0,2024-03-29,4.0,54150.0,Adult,9.415
132,333,Omar,32.0,Male,India,Laptop,84500.0,10.0,2024-03-31,4.5,76050.0,Adult,12.105
133,334,Hira,26.0,Female,UK,Tablet,77000.0,10.0,2024-04-02,4.2,69300.0,Young,11.129999999999999
134,335,Bilal,28.0,Male,Pakistan,Phone,98000.0,20.0,2024-04-04,4.9,78400.0,Young,12.74
135,336,Ayesha,29.0,Female,India,Laptop,123000.0,0.0,2024-04-06,4.7,123000.0,Young,17.0
136,337,Saad,35.0,Male,UK,Tablet,86000.0,15.0,2024-04-08,4.1,73100.0,Adult,11.41
137,338,Nimra,26.0,Female,Pakistan,Phone,56000.0,5.0,2024-04-10,4.0,53200.0,Young,9.32
138,339,Imran,31.0,Male,India,Laptop,138000.0,10.0,2024-04-12,4.8,124200.0,Adult,17.22
139,340,Sara,24.0,Female,UK,Tablet,80000.0,10.0,2024-04-14,4.3,72000.0,Young,11.5
140,341,Ahmed,33.0,Male,Pakistan,Phone,96000.0,20.0,2024-04-16,4.9,76800.0,Adult,12.58
141,342,Areeba,27.0,Female,India,Laptop,122000.0,10.0,2024-04-18,4.6,109800.0,Young,15.58
142,343,Hassan,30.0,Male,UK,Tablet,84000.0,15.0,2024-04-20,4.2,71400.0,Adult,11.34
143,344,Zara,25.0,Female,Pakistan,Phone,61000.0,5.0,2024-04-22,4.1,57950.0,Young,9.895
144,345,Usman,32.0,Male,India,Laptop,130000.0,10.0,2024-04-24,4.7,117000.0,Adult,16.4
145,346,Maryam,28.0,Female,UK,Tablet,82000.0,0.0,2024-04-26,4.3,82000.0,Young,12.5
146,347,Kamran,34.0,Male,Pakistan,Phone,93000.0,20.0,2024-04-28,4.8,74400.0,Adult,12.24
147,348,Sana,27.0,Female,India,Laptop,121000.0,10.0,2024-04-30,4.6,108900.0,Young,15.49
148,349,Farhan,29.0,Male,UK,Tablet,79000.0,10.0,2024-05-02,4.3,71100.0,Young,11.41
149,350,Mehak,28.0,Female,Pakistan,Phone,84500.0,5.0,2024-05-04,4.0,80275.0,Young,12.0275
150,351,Arif,31.0,Male,India,Laptop,135000.0,10.0,2024-05-06,4.9,121500.0,Adult,17.05
151,352,Hina,24.0,Female,UK,Tablet,81000.0,10.0,2024-05-08,4.4,72900.0,Young,11.690000000000001
152,353,Kamran,33.0,Male,Pakistan,Phone,94000.0,20.0,2024-05-10,4.8,75200.0,Adult,12.32
153,354,Sana,27.0,Female,India,Laptop,123000.0,10.0,2024-05-12,4.6,110700.0,Young,15.67
154,355,Farhan,29.0,Male,UK,Tablet,80000.0,0.0,2024-05-14,4.3,80000.0,Young,12.3
155,356,Mehak,28.0,Female,Pakistan,Phone,60000.0,5.0,2024-05-16,4.1,57000.0,Young,9.8
156,357,Usama,30.0,Male,India,Laptop,139000.0,10.0,2024-05-18,4.9,125100.0,Adult,17.41
157,358,Aiman,26.0,Female,UK,Tablet,83000.0,10.0,2024-05-20,4.4,74700.0,Young,11.870000000000001
158,359,Rizwan,34.0,Male,Pakistan,Phone,91000.0,20.0,2024-05-22,4.7,72800.0,Adult,11.98
159,360,Sobia,25.0,Female,India,Laptop,125000.0,10.0,2024-05-24,4.6,112500.0,Young,15.85
160,361,Ali,27.0,Male,UK,Tablet,86000.0,15.0,2024-05-26,4.2,73100.0,Young,11.51
161,362,Zainab,30.0,Female,Pakistan,Phone,58000.0,5.0,2024-05-28,4.0,55100.0,Adult,9.51
162,363,Omar,32.0,Male,India,Laptop,127000.0,10.0,2024-05-30,4.5,114300.0,Adult,15.93
163,364,Hira,26.0,Female,UK,Tablet,84500.0,10.0,2024-06-01,4.3,76050.0,Young,11.905000000000001
164,365,Bilal,28.0,Male,Pakistan,Phone,99000.0,20.0,2024-06-03,4.9,79200.0,Young,12.82
165,366,Ayesha,29.0,Female,India,Laptop,124000.0,0.0,2024-06-05,4.7,124000.0,Young,17.1
166,367,Saad,35.0,Male,UK,Tablet,87000.0,15.0,2024-06-07,4.1,73950.0,Adult,11.495
167,368,Nimra,26.0,Female,Pakistan,Phone,57000.0,5.0,2024-06-09,4.0,54150.0,Young,9.415
168,369,Imran,31.0,Male,India,Laptop,140000.0,10.0,2024-06-11,4.8,126000.0,Adult,17.4
169,370,Sara,24.0,Female,UK,Tablet,82000.0,10.0,2024-06-13,4.3,73800.0,Young,11.68
170,371,Ahmed,33.0,Male,Pakistan,Phone,97000.0,20.0,2024-06-15,4.9,77600.0,Adult,12.66
171,372,Areeba,27.0,Female,India,Laptop,123000.0,10.0,2024-06-17,4.6,110700.0,Young,15.67
172,373,Hassan,30.0,Male,UK,Tablet,85000.0,15.0,2024-06-19,4.2,72250.0,Adult,11.425
173,374,Zara,25.0,Female,Pakistan,Phone,62000.0,5.0,2024-06-21,4.1,58900.0,Young,9.989999999999998
174,375,Usman,32.0,Male,India,Laptop,131000.0,10.0,2024-06-23,4.7,117900.0,Adult,16.49
175,376,Maryam,28.0,Female,UK,Tablet,83000.0,0.0,2024-06-25,4.3,83000.0,Young,12.600000000000001
176,377,Kamran,34.0,Male,Pakistan,Phone,94000.0,20.0,2024-06-27,4.8,75200.0,Adult,12.32
177,378,Sana,27.0,Female,India,Laptop,122000.0,10.0,2024-06-29,4.6,109800.0,Young,15.58
178,379,Farhan,29.0,Male,UK,Tablet,81000.0,10.0,2024-07-01,4.3,72900.0,Young,11.59
179,380,Mehak,28.0,Female,Pakistan,Phone,61000.0,5.0,2024-07-03,4.1,57950.0,Young,9.895
180,381,Arif,31.0,Male,India,Laptop,136000.0,10.0,2024-07-05,4.9,122400.0,Adult,17.14
181,382,Hina,24.0,Female,UK,Tablet,82000.0,10.0,2024-07-07,4.4,73800.0,Young,11.780000000000001
182,383,Kamran,33.0,Male,Pakistan,Phone,95000.0,20.0,2024-07-09,4.8,76000.0,Adult,12.399999999999999
183,384,Sana,27.0,Female,India,Laptop,124000.0,10.0,2024-07-11,4.6,111600.0,Young,15.76
184,385,Farhan,29.0,Male,UK,Tablet,80000.0,0.0,2024-07-13,4.3,80000.0,Young,12.3
185,386,Mehak,28.0,Female,Pakistan,Phone,84500.0,5.0,2024-07-15,4.0,80275.0,Young,12.0275
186,387,Usama,30.0,Male,India,Laptop,140000.0,10.0,2024-07-17,4.9,126000.0,Adult,17.5
187,388,Aiman,26.0,Female,UK,Tablet,84000.0,10.0,2024-07-19,4.4,75600.0,Young,11.96
188,389,Rizwan,34.0,Male,Pakistan,Phone,92000.0,20.0,2024-07-21,4.7,73600.0,Adult,12.06
189,390,Sobia,25.0,Female,India,Laptop,126000.0,10.0,2024-07-23,4.6,113400.0,Young,15.94
190,391,Ali,27.0,Male,UK,Tablet,87000.0,15.0,2024-07-25,4.2,73950.0,Young,11.594999999999999
191,392,Zainab,30.0,Female,Pakistan,Phone,59000.0,5.0,2024-07-27,4.0,56050.0,Adult,9.605
192,393,Omar,32.0,Male,India,Laptop,128000.0,10.0,2024-07-29,4.5,115200.0,Adult,16.02
193,394,Hira,26.0,Female,UK,Tablet,79000.0,10.0,2024-07-31,4.3,71100.0,Young,11.41
194,395,Bilal,28.0,Male,Pakistan,Phone,100000.0,20.0,2024-08-02,4.9,80000.0,Young,12.9
195,396,Ayesha,29.0,Female,India,Laptop,125000.0,0.0,2024-08-04,4.7,125000.0,Young,17.2
196,397,Saad,35.0,Male,UK,Tablet,88000.0,15.0,2024-08-06,4.1,74800.0,Adult,11.58
197,398,Nimra,26.0,Female,Pakistan,Phone,58000.0,5.0,2024-08-08,4.0,55100.0,Young,9.51
198,399,Imran,31.0,Male,India,Laptop,141000.0,10.0,2024-08-10,4.8,126900.0,Adult,17.49
199,400,Sara,24.0,Female,UK,Tablet,83000.0,10.0,2024-08-12,4.3,74700.0,Young,11.77
200,401,Ahmed,33.0,Male,Pakistan,Phone,98000.0,20.0,2024-08-14,4.9,78400.0,Adult,12.74
201,402,Areeba,27.0,Female,India,Laptop,124000.0,10.0,2024-08-16,4.6,111600.0,Young,15.76
202,403,Hassan,30.0,Male,UK,Tablet,86000.0,15.0,2024-08-18,4.2,73100.0,Adult,11.51
203,404,Zara,25.0,Female,Pakistan,Phone,63000.0,5.0,2024-08-20,4.1,59850.0,Young,10.085
204,405,Usman,32.0,Male,India,Laptop,132000.0,10.0,2024-08-22,4.7,118800.0,Adult,16.580000000000002
205,406,Maryam,28.0,Female,UK,Tablet,84000.0,0.0,2024-08-24,4.3,84000.0,Young,12.7
206,407,Kamran,34.0,Male,Pakistan,Phone,95000.0,20.0,2024-08-26,4.8,76000.0,Adult,12.399999999999999
207,408,Sana,27.0,Female,India,Laptop,123000.0,10.0,2024-08-28,4.6,110700.0,Young,15.67
208,409,Farhan,29.0,Male,UK,Tablet,82000.0,10.0,2024-08-30,4.3,73800.0,Young,11.68
209,410,Mehak,28.0,Female,Pakistan,Phone,62000.0,5.0,2024-09-01,4.1,58900.0,Young,9.989999999999998
210,411,Ali,28.0,Male,Pakistan,Phone,61500.0,5.0,2024-09-03,4.3,58425.0,Young,10.1425
211,412,Sara,24.0,Female,India,Laptop,127000.0,10.0,2024-09-05,4.7,114300.0,Young,16.13
212,413,Usman,32.0,Male,UK,Tablet,88500.0,15.0,2024-09-07,4.2,75225.0,Adult,11.7225
213,414,Ayesha,29.0,Female,Pakistan,Phone,59500.0,5.0,2024-09-09,4.1,56525.0,Young,9.7525
214,415,Hassan,30.0,Male,India,Laptop,122000.0,0.0,2024-09-11,4.6,122000.0,Adult,16.799999999999997
215,416,Zara,25.0,Female,UK,Tablet,78500.0,10.0,2024-09-13,4.2,70650.0,Young,11.265
216,417,Ahmed,33.0,Male,Pakistan,Phone,84500.0,5.0,2024-09-15,4.0,80275.0,Adult,12.0275
217,418,Noor,26.0,Female,India,Laptop,130000.0,10.0,2024-09-17,4.8,117000.0,Young,16.5
218,419,Imran,31.0,Male,UK,Tablet,90500.0,15.0,2024-09-19,4.40469387755102,76925.0,Adult,12.097193877551021
219,420,Sobia,25.0,Female,Pakistan,Phone,54500.0,5.0,2024-09-21,3.9,51775.0,Young,9.0775
220,421,Arif,28.0,Male,India,Laptop,134000.0,10.0,2024-09-23,4.9,120600.0,Young,16.96
221,422,Hina,27.0,Female,UK,Tablet,82500.0,10.0,2024-09-25,4.3,74250.0,Young,11.725
222,423,Kamran,34.0,Male,Pakistan,Phone,95500.0,20.0,2024-09-27,4.8,76400.0,Adult,12.44
223,424,Sana,27.0,Female,India,Laptop,121000.0,10.0,2024-09-29,4.6,108900.0,Young,15.49
224,425,Farhan,29.0,Male,UK,Tablet,79500.0,0.0,2024-10-01,4.3,79500.0,Young,12.25
225,426,Mehak,28.0,Female,Pakistan,Phone,60500.0,5.0,2024-10-03,4.1,57475.0,Young,9.8475
226,427,Usama,30.0,Male,India,Laptop,138000.0,10.0,2024-10-05,4.9,124200.0,Adult,17.32
227,428,Aiman,26.0,Female,UK,Tablet,81500.0,10.0,2024-10-07,4.4,73350.0,Young,11.735
228,429,Rizwan,34.0,Male,Pakistan,Phone,92500.0,20.0,2024-10-09,4.7,74000.0,Adult,12.100000000000001
229,430,Sobia,25.0,Female,India,Laptop,125000.0,10.0,2024-10-11,4.6,112500.0,Young,15.85
230,431,Ali,27.0,Male,UK,Tablet,85500.0,15.0,2024-10-13,4.2,72675.0,Young,11.467500000000001
231,432,Zainab,30.0,Female,Pakistan,Phone,57500.0,5.0,2024-10-15,4.0,54625.0,Adult,9.4625
232,433,Omar,32.0,Male,India,Laptop,84500.0,10.0,2024-10-17,4.5,76050.0,Adult,12.105
233,434,Hira,26.0,Female,UK,Tablet,77500.0,10.0,2024-10-19,4.2,69750.0,Young,11.175
234,435,Bilal,28.0,Male,Pakistan,Phone,98500.0,20.0,2024-10-21,4.9,78800.0,Young,12.780000000000001
235,436,Ayesha,29.0,Female,India,Laptop,124000.0,0.0,2024-10-23,4.7,124000.0,Young,17.1
236,437,Saad,35.0,Male,UK,Tablet,86500.0,15.0,2024-10-25,4.1,73525.0,Adult,11.4525
237,438,Nimra,26.0,Female,Pakistan,Phone,56500.0,5.0,2024-10-27,4.0,53675.0,Young,9.3675
238,439,Imran,31.0,Male,India,Laptop,139000.0,10.0,2024-10-29,4.8,125100.0,Adult,17.31
239,440,Sara,24.0,Female,UK,Tablet,80500.0,10.0,2024-10-31,4.3,72450.0,Young,11.545
240,441,Ahmed,33.0,Male,Pakistan,Phone,96500.0,20.0,2024-11-02,4.9,77200.0,Adult,12.620000000000001
241,442,Areeba,27.0,Female,India,Laptop,123000.0,10.0,2024-11-04,4.6,110700.0,Young,15.67
242,443,Hassan,30.0,Male,UK,Tablet,84500.0,15.0,2024-11-06,4.2,71825.0,Adult,11.3825
243,444,Zara,25.0,Female,Pakistan,Phone,61500.0,5.0,2024-11-08,4.1,58425.0,Young,9.942499999999999
244,445,Usman,32.0,Male,India,Laptop,131000.0,10.0,2024-11-10,4.7,117900.0,Adult,16.49
245,446,Maryam,28.0,Female,UK,Tablet,82500.0,0.0,2024-11-12,4.3,82500.0,Young,12.55
246,447,Kamran,34.0,Male,Pakistan,Phone,93500.0,20.0,2024-11-14,4.8,74800.0,Adult,12.280000000000001
247,448,Sana,27.0,Female,India,Laptop,122000.0,10.0,2024-11-16,4.6,109800.0,Young,15.58
248,449,Farhan,29.0,Male,UK,Tablet,79500.0,10.0,2024-11-18,4.3,71550.0,Young,11.455
249,450,Mehak,28.0,Female,Pakistan,Phone,84500.0,5.0,2024-11-20,4.0,80275.0,Young,12.0275
250,451,Arif,31.0,Male,India,Laptop,136000.0,10.0,2024-11-22,4.9,122400.0,Adult,17.14
251,452,Hina,24.0,Female,UK,Tablet,81500.0,10.0,2024-11-24,4.4,73350.0,Young,11.735
252,453,Kamran,33.0,Male,Pakistan,Phone,94500.0,20.0,2024-11-26,4.8,75600.0,Adult,12.36
253,454,Sana,27.0,Female,India,Laptop,124000.0,10.0,2024-11-28,4.6,111600.0,Young,15.76
254,455,Farhan,29.0,Male,UK,Tablet,80500.0,0.0,2024-11-30,4.3,80500.0,Young,12.350000000000001
255,456,Mehak,28.0,Female,Pakistan,Phone,60500.0,5.0,2024-12-02,4.1,57475.0,Young,9.8475
256,457,Usama,30.0,Male,India,Laptop,140000.0,10.0,2024-12-04,4.9,126000.0,Adult,17.5
257,458,Aiman,26.0,Female,UK,Tablet,83500.0,10.0,2024-12-06,4.4,75150.0,Young,11.915
258,459,Rizwan,34.0,Male,Pakistan,Phone,91500.0,20.0,2024-12-08,4.7,73200.0,Adult,12.02
259,460,Sobia,25.0,Female,India,Laptop,126000.0,10.0,2024-12-10,4.6,113400.0,Young,15.94
260,461,Ali,27.0,Male,UK,Tablet,86500.0,15.0,2024-12-12,4.2,73525.0,Young,11.5525
261,462,Zainab,30.0,Female,Pakistan,Phone,58500.0,5.0,2024-12-14,4.0,55575.0,Adult,9.557500000000001
262,463,Omar,32.0,Male,India,Laptop,128000.0,10.0,2024-12-16,4.5,115200.0,Adult,16.02
263,464,Hira,26.0,Female,UK,Tablet,78500.0,10.0,2024-12-18,4.3,70650.0,Young,11.365
264,465,Bilal,28.0,Male,Pakistan,Phone,100500.0,20.0,2024-12-20,4.9,80400.0,Young,12.94
265,466,Ayesha,29.0,Female,India,Laptop,125000.0,0.0,2024-12-22,4.7,125000.0,Young,17.2
266,467,Saad,35.0,Male,UK,Tablet,87500.0,15.0,2024-12-24,4.1,74375.0,Adult,11.5375
267,468,Nimra,26.0,Female,Pakistan,Phone,57500.0,5.0,2024-12-26,4.0,54625.0,Young,9.4625
268,469,Imran,31.0,Male,India,Laptop,141000.0,10.0,2024-12-28,4.8,126900.0,Adult,17.49
269,470,Sara,24.0,Female,UK,Tablet,82500.0,10.0,2024-12-30,4.3,74250.0,Young,11.725
270,471,Ahmed,33.0,Male,Pakistan,Phone,97500.0,20.0,2025-01-01,4.9,78000.0,Adult,12.7
271,472,Areeba,27.0,Female,India,Laptop,124000.0,10.0,2025-01-03,4.6,111600.0,Young,15.76
272,473,Hassan,30.0,Male,UK,Tablet,85500.0,15.0,2025-01-05,4.2,72675.0,Adult,11.467500000000001
273,474,Zara,25.0,Female,Pakistan,Phone,63500.0,5.0,2025-01-07,4.1,60325.0,Young,10.1325
274,475,Usman,32.0,Male,India,Laptop,132000.0,10.0,2025-01-09,4.7,118800.0,Adult,16.580000000000002
275,476,Maryam,28.0,Female,UK,Tablet,84500.0,0.0,2025-01-11,4.3,84500.0,Young,12.75
276,477,Kamran,34.0,Male,Pakistan,Phone,95500.0,20.0,2025-01-13,4.8,76400.0,Adult,12.44
277,478,Sana,27.0,Female,India,Laptop,123000.0,10.0,2025-01-15,4.6,110700.0,Young,15.67
278,479,Farhan,29.0,Male,UK,Tablet,81500.0,10.0,2025-01-17,4.3,73350.0,Young,11.635
279,480,Mehak,28.0,Female,Pakistan,Phone,61500.0,5.0,2025-01-19,4.1,58425.0,Young,9.942499999999999
280,481,Arif,31.0,Male,India,Laptop,137000.0,10.0,2025-01-21,4.9,123300.0,Adult,17.23
281,482,Hina,24.0,Female,UK,Tablet,82500.0,10.0,2025-01-23,4.4,74250.0,Young,11.825
282,483,Kamran,33.0,Male,Pakistan,Phone,96500.0,20.0,2025-01-25,4.8,77200.0,Adult,12.52
283,484,Sana,27.0,Female,India,Laptop,125000.0,10.0,2025-01-27,4.6,112500.0,Young,15.85
284,485,Farhan,29.0,Male,UK,Tablet,80500.0,0.0,2025-01-29,4.3,80500.0,Young,12.350000000000001
285,486,Mehak,28.0,Female,Pakistan,Phone,84500.0,5.0,2025-01-31,4.0,80275.0,Young,12.0275
286,487,Usama,30.0,Male,India,Laptop,142000.0,10.0,2025-02-02,4.9,127800.0,Adult,17.68
287,488,Aiman,26.0,Female,UK,Tablet,84500.0,10.0,2025-02-04,4.4,76050.0,Young,12.005
288,489,Rizwan,34.0,Male,Pakistan,Phone,92500.0,20.0,2025-02-06,4.7,74000.0,Adult,12.100000000000001
289,490,Sobia,25.0,Female,India,Laptop,127000.0,10.0,2025-02-08,4.6,114300.0,Young,16.03
290,491,Ali,27.0,Male,UK,Tablet,87500.0,15.0,2025-02-10,4.2,74375.0,Young,11.6375
291,492,Zainab,30.0,Female,Pakistan,Phone,59500.0,5.0,2025-02-12,4.0,56525.0,Adult,9.6525
292,493,Omar,32.0,Male,India,Laptop,129000.0,10.0,2025-02-14,4.5,116100.0,Adult,16.11
293,494,Hira,26.0,Female,UK,Tablet,79500.0,10.0,2025-02-16,4.3,71550.0,Young,11.455
294,495,Bilal,28.0,Male,Pakistan,Phone,101000.0,20.0,2025-02-18,4.9,80800.0,Young,12.98
295,496,Ayesha,29.0,Female,India,Laptop,126000.0,0.0,2025-02-20,4.7,126000.0,Young,17.3
296,497,Saad,35.0,Male,UK,Tablet,88500.0,15.0,2025-02-22,4.1,75225.0,Adult,11.622499999999999
297,498,Nimra,26.0,Female,Pakistan,Phone,58500.0,5.0,2025-02-24,4.0,55575.0,Young,9.557500000000001
298,499,Imran,31.0,Male,India,Laptop,142000.0,10.0,2025-02-26,4.8,127800.0,Adult,17.58
299,500,Sara,24.0,Female,UK,Tablet,83500.0,10.0,2025-02-28,4.3,75150.0,Young,11.815
300,501,Ahmed,33.0,Male,Pakistan,Phone,98500.0,20.0,2025-03-02,4.9,78800.0,Adult,12.780000000000001
301,502,Areeba,27.0,Female,India,Laptop,125000.0,10.0,2025-03-04,4.6,112500.0,Young,15.85
302,503,Hassan,30.0,Male,UK,Tablet,86500.0,15.0,2025-03-06,4.2,73525.0,Adult,11.5525
303,504,Zara,25.0,Female,Pakistan,Phone,64500.0,5.0,2025-03-08,4.1,61275.0,Young,10.2275
304,505,Usman,32.0,Male,India,Laptop,133000.0,10.0,2025-03-10,4.7,119700.0,Adult,16.67
305,506,Maryam,28.0,Female,UK,Tablet,85500.0,0.0,2025-03-12,4.3,85500.0,Young,12.850000000000001
306,507,Kamran,34.0,Male,Pakistan,Phone,96500.0,20.0,2025-03-14,4.8,77200.0,Adult,12.52
307,508,Sana,27.0,Female,India,Laptop,124000.0,10.0,2025-03-16,4.6,111600.0,Young,15.76
308,509,Farhan,29.0,Male,UK,Tablet,82500.0,10.0,2025-03-18,4.3,74250.0,Young,11.725
309,510,Mehak,28.0,Female,Pakistan,Phone,62500.0,5.0,2025-03-20,4.1,59375.0,Young,10.0375
310,511,Arif,31.0,Male,India,Laptop,138000.0,10.0,2025-03-22,4.9,124200.0,Adult,17.32
311,512,Hina,24.0,Female,UK,Tablet,83500.0,10.0,2025-03-24,4.4,75150.0,Young,11.915
312,513,Kamran,33.0,Male,Pakistan,Phone,97500.0,20.0,2025-03-26,4.8,78000.0,Adult,12.6
313,514,Sana,27.0,Female,India,Laptop,126000.0,10.0,2025-03-28,4.6,113400.0,Young,15.94
314,515,Farhan,29.0,Male,UK,Tablet,81500.0,0.0,2025-03-30,4.3,81500.0,Young,12.45
315,516,Mehak,28.0,Female,Pakistan,Phone,84500.0,5.0,2025-04-01,4.0,80275.0,Young,12.0275
316,517,Usama,30.0,Male,India,Laptop,143000.0,10.0,2025-04-03,4.9,128700.0,Adult,17.77
317,518,Aiman,26.0,Female,UK,Tablet,85500.0,10.0,2025-04-05,4.4,76950.0,Young,12.095
318,519,Rizwan,34.0,Male,Pakistan,Phone,93500.0,20.0,2025-04-07,4.7,74800.0,Adult,12.18
319,520,Sobia,25.0,Female,India,Laptop,128000.0,10.0,2025-04-09,4.6,115200.0,Young,16.119999999999997
320,521,Ali,27.0,Male,UK,Tablet,88500.0,15.0,2025-04-11,4.2,75225.0,Young,11.7225
321,522,Zainab,30.0,Female,Pakistan,Phone,60500.0,5.0,2025-04-13,4.0,57475.0,Adult,9.747499999999999
322,523,Omar,32.0,Male,India,Laptop,130000.0,10.0,2025-04-15,4.5,117000.0,Adult,16.2
323,524,Hira,26.0,Female,UK,Tablet,80500.0,10.0,2025-04-17,4.3,72450.0,Young,11.545
324,525,Bilal,28.0,Male,Pakistan,Phone,102000.0,20.0,2025-04-19,4.9,81600.0,Young,13.06
325,526,Ayesha,29.0,Female,India,Laptop,127000.0,0.0,2025-04-21,4.7,127000.0,Young,17.4
326,527,Saad,35.0,Male,UK,Tablet,89500.0,15.0,2025-04-23,4.1,76075.0,Adult,11.7075
327,528,Nimra,26.0,Female,Pakistan,Phone,59500.0,5.0,2025-04-25,4.0,56525.0,Young,9.6525
328,529,Imran,31.0,Male,India,Laptop,143000.0,10.0,2025-04-27,4.8,128700.0,Adult,17.669999999999998
329,530,Sara,24.0,Female,UK,Tablet,84500.0,10.0,2025-04-29,4.3,76050.0,Young,11.905000000000001
330,531,Ahmed,33.0,Male,Pakistan,Phone,99500.0,20.0,2025-05-01,4.9,79600.0,Adult,12.86
331,532,Areeba,27.0,Female,India,Laptop,126000.0,10.0,2025-05-03,4.6,113400.0,Young,15.94
332,533,Hassan,30.0,Male,UK,Tablet,87500.0,15.0,2025-05-05,4.2,74375.0,Adult,11.6375
333,534,Zara,25.0,Female,Pakistan,Phone,65500.0,5.0,2025-05-07,4.1,62225.0,Young,10.3225
334,535,Usman,32.0,Male,India,Laptop,134000.0,10.0,2025-05-09,4.7,120600.0,Adult,16.76
335,536,Maryam,28.0,Female,UK,Tablet,86500.0,0.0,2025-05-11,4.3,86500.0,Young,12.95
336,537,Kamran,34.0,Male,Pakistan,Phone,97500.0,20.0,2025-05-13,4.8,78000.0,Adult,12.6
337,538,Sana,27.0,Female,India,Laptop,125000.0,10.0,2025-05-15,4.6,112500.0,Young,15.85
338,539,Farhan,29.0,Male,UK,Tablet,83500.0,10.0,2025-05-17,4.3,75150.0,Young,11.815
339,540,Mehak,28.0,Female,Pakistan,Phone,63500.0,5.0,2025-05-19,4.1,60325.0,Young,10.1325
340,541,Arif,31.0,Male,India,Laptop,139000.0,10.0,2025-05-21,4.9,125100.0,Adult,17.41
341,542,Hina,24.0,Female,UK,Tablet,84500.0,10.0,2025-05-23,4.4,76050.0,Young,12.005
342,543,Kamran,33.0,Male,Pakistan,Phone,98500.0,20.0,2025-05-25,4.8,78800.0,Adult,12.68
343,544,Sana,27.0,Female,India,Laptop,127000.0,10.0,2025-05-27,4.6,114300.0,Young,16.03
344,545,Farhan,29.0,Male,UK,Tablet,82500.0,0.0,2025-05-29,4.3,82500.0,Young,12.55
345,546,Mehak,28.0,Female,Pakistan,Phone,84500.0,5.0,2025-05-31,4.0,80275.0,Young,12.0275
346,547,Usama,30.0,Male,India,Laptop,144000.0,10.0,2025-06-02,4.9,129600.0,Adult,17.86
347,548,Aiman,26.0,Female,UK,Tablet,86500.0,10.0,2025-06-04,4.4,77850.0,Young,12.185
348,549,Rizwan,34.0,Male,Pakistan,Phone,94500.0,20.0,2025-06-06,4.7,75600.0,Adult,12.26
349,550,Sobia,25.0,Female,India,Laptop,129000.0,10.0,2025-06-08,4.6,116100.0,Young,16.21
350,551,Ali,27.0,Male,UK,Tablet,89500.0,15.0,2025-06-10,4.2,76075.0,Young,11.807500000000001
351,552,Zainab,30.0,Female,Pakistan,Phone,61500.0,5.0,2025-06-12,4.0,58425.0,Adult,9.842500000000001
352,553,Omar,32.0,Male,India,Laptop,131000.0,10.0,2025-06-14,4.5,117900.0,Adult,16.29
353,554,Hira,26.0,Female,UK,Tablet,81500.0,10.0,2025-06-16,4.3,73350.0,Young,11.635
354,555,Bilal,28.0,Male,Pakistan,Phone,103000.0,20.0,2025-06-18,4.9,82400.0,Young,13.14
355,556,Ayesha,29.0,Female,India,Laptop,128000.0,0.0,2025-06-20,4.7,128000.0,Young,17.5
356,557,Saad,35.0,Male,UK,Tablet,90500.0,15.0,2025-06-22,4.1,76925.0,Adult,11.7925
357,558,Nimra,26.0,Female,Pakistan,Phone,60500.0,5.0,2025-06-24,4.0,57475.0,Young,9.747499999999999
358,559,Imran,31.0,Male,India,Laptop,144000.0,10.0,2025-06-26,4.8,129600.0,Adult,17.76
359,560,Sara,24.0,Female,UK,Tablet,85500.0,10.0,2025-06-28,4.3,76950.0,Young,11.995000000000001
360,561,Ali,28.0,Male,Pakistan,Phone,62000.0,5.0,2025-06-30,4.3,58900.0,Young,10.19
361,562,Sara,24.0,Female,India,Laptop,129000.0,10.0,2025-07-02,4.7,116100.0,Young,16.31
362,563,Usman,32.0,Male,UK,Tablet,89500.0,15.0,2025-07-04,4.2,76075.0,Adult,11.807500000000001
363,564,Ayesha,29.0,Female,Pakistan,Phone,60500.0,5.0,2025-07-06,4.1,57475.0,Young,9.8475
364,565,Hassan,30.0,Male,India,Laptop,123000.0,0.0,2025-07-08,4.6,123000.0,Adult,16.9
365,566,Zara,25.0,Female,UK,Tablet,79500.0,10.0,2025-07-10,4.2,71550.0,Young,11.355
366,567,Ahmed,33.0,Male,Pakistan,Phone,96500.0,20.0,2025-07-12,4.8,77200.0,Adult,12.52
367,568,Noor,26.0,Female,India,Laptop,131000.0,10.0,2025-07-14,4.8,117900.0,Young,16.59
368,569,Imran,31.0,Male,UK,Tablet,91000.0,15.0,2025-07-16,4.40469387755102,77350.0,Adult,12.139693877551021
369,570,Sobia,25.0,Female,Pakistan,Phone,55000.0,5.0,2025-07-18,3.9,52250.0,Young,9.125
370,571,Arif,28.0,Male,India,Laptop,135000.0,10.0,2025-07-20,4.9,121500.0,Young,17.05
371,572,Hina,27.0,Female,UK,Tablet,83500.0,10.0,2025-07-22,4.3,75150.0,Young,11.815
372,573,Kamran,34.0,Male,Pakistan,Phone,97500.0,20.0,2025-07-24,4.8,78000.0,Adult,12.6
373,574,Sana,27.0,Female,India,Laptop,122000.0,10.0,2025-07-26,4.6,109800.0,Young,15.58
374,575,Farhan,29.0,Male,UK,Tablet,80500.0,0.0,2025-07-28,4.3,80500.0,Young,12.350000000000001
375,576,Mehak,28.0,Female,Pakistan,Phone,61500.0,5.0,2025-07-30,4.1,58425.0,Young,9.942499999999999
376,577,Usama,30.0,Male,India,Laptop,139000.0,10.0,2025-08-01,4.9,125100.0,Adult,17.41
377,578,Aiman,26.0,Female,UK,Tablet,82000.0,10.0,2025-08-03,4.4,73800.0,Young,11.780000000000001
378,579,Rizwan,34.0,Male,Pakistan,Phone,93000.0,20.0,2025-08-05,4.7,74400.0,Adult,12.14
379,580,Sobia,25.0,Female,India,Laptop,126000.0,10.0,2025-08-07,4.6,113400.0,Young,15.94
380,581,Ali,27.0,Male,UK,Tablet,88000.0,15.0,2025-08-09,4.2,74800.0,Young,11.68
381,582,Zainab,30.0,Female,Pakistan,Phone,59500.0,5.0,2025-08-11,4.0,56525.0,Adult,9.6525
382,583,Omar,32.0,Male,India,Laptop,129000.0,10.0,2025-08-13,4.5,116100.0,Adult,16.11
383,584,Hira,26.0,Female,UK,Tablet,81500.0,10.0,2025-08-15,4.3,73350.0,Young,11.635
384,585,Bilal,28.0,Male,Pakistan,Phone,101000.0,20.0,2025-08-17,4.9,80800.0,Young,12.98
385,586,Ayesha,29.0,Female,India,Laptop,127000.0,0.0,2025-08-19,4.7,127000.0,Young,17.4
386,587,Saad,35.0,Male,UK,Tablet,89000.0,15.0,2025-08-21,4.1,75650.0,Adult,11.665
387,588,Nimra,26.0,Female,Pakistan,Phone,58500.0,5.0,2025-08-23,4.0,55575.0,Young,9.557500000000001
388,589,Imran,31.0,Male,India,Laptop,142000.0,10.0,2025-08-25,4.8,127800.0,Adult,17.58
389,590,Sara,24.0,Female,UK,Tablet,84500.0,10.0,2025-08-27,4.3,76050.0,Young,11.905000000000001
390,591,Ahmed,33.0,Male,Pakistan,Phone,99500.0,20.0,2025-08-29,4.9,79600.0,Adult,12.86
391,592,Areeba,27.0,Female,India,Laptop,126000.0,10.0,2025-08-31,4.6,113400.0,Young,15.94
392,593,Hassan,30.0,Male,UK,Tablet,87000.0,15.0,2025-09-02,4.2,73950.0,Adult,11.594999999999999
393,594,Zara,25.0,Female,Pakistan,Phone,64500.0,5.0,2025-09-04,4.1,61275.0,Young,10.2275
394,595,Usman,32.0,Male,India,Laptop,133000.0,10.0,2025-09-06,4.7,119700.0,Adult,16.67
395,596,Maryam,28.0,Female,UK,Tablet,85500.0,0.0,2025-09-08,4.3,85500.0,Young,12.850000000000001
396,597,Kamran,34.0,Male,Pakistan,Phone,97500.0,20.0,2025-09-10,4.8,78000.0,Adult,12.6
397,598,Sana,27.0,Female,India,Laptop,124000.0,10.0,2025-09-12,4.6,111600.0,Young,15.76
398,599,Farhan,29.0,Male,UK,Tablet,83500.0,10.0,2025-09-14,4.3,75150.0,Young,11.815
399,600,Mehak,28.0,Female,Pakistan,Phone,62500.0,5.0,2025-09-16,4.1,59375.0,Young,10.0375
400,601,Arif,31.0,Male,India,Laptop,140000.0,10.0,2025-09-18,4.9,126000.0,Adult,17.5
401,602,Hina,24.0,Female,UK,Tablet,85000.0,10.0,2025-09-20,4.4,76500.0,Young,12.05
402,603,Kamran,33.0,Male,Pakistan,Phone,98500.0,20.0,2025-09-22,4.8,78800.0,Adult,12.68
403,604,Sana,27.0,Female,India,Laptop,127000.0,10.0,2025-09-24,4.6,114300.0,Young,16.03
404,605,Farhan,29.0,Male,UK,Tablet,81500.0,0.0,2025-09-26,4.3,81500.0,Young,12.45
405,606,Mehak,28.0,Female,Pakistan,Phone,63500.0,5.0,2025-09-28,4.1,60325.0,Young,10.1325
406,607,Usama,30.0,Male,India,Laptop,143000.0,10.0,2025-09-30,4.9,128700.0,Adult,17.77
407,608,Aiman,26.0,Female,UK,Tablet,86500.0,10.0,2025-10-02,4.4,77850.0,Young,12.185
408,609,Rizwan,34.0,Male,Pakistan,Phone,94500.0,20.0,2025-10-04,4.7,75600.0,Adult,12.26
409,610,Sobia,25.0,Female,India,Laptop,128000.0,10.0,2025-10-06,4.6,115200.0,Young,16.119999999999997
410,611,Ali,27.0,Male,UK,Tablet,89500.0,15.0,2025-10-08,4.2,76075.0,Young,11.807500000000001
411,612,Zainab,30.0,Female,Pakistan,Phone,61500.0,5.0,2025-10-10,4.0,58425.0,Adult,9.842500000000001
412,613,Omar,32.0,Male,India,Laptop,130000.0,10.0,2025-10-12,4.5,117000.0,Adult,16.2
413,614,Hira,26.0,Female,UK,Tablet,82500.0,10.0,2025-10-14,4.3,74250.0,Young,11.725
414,615,Bilal,28.0,Male,Pakistan,Phone,102000.0,20.0,2025-10-16,4.9,81600.0,Young,13.06
415,616,Ayesha,29.0,Female,India,Laptop,129000.0,0.0,2025-10-18,4.7,129000.0,Young,17.6
416,617,Saad,35.0,Male,UK,Tablet,90500.0,15.0,2025-10-20,4.1,76925.0,Adult,11.7925
417,618,Nimra,26.0,Female,Pakistan,Phone,59500.0,5.0,2025-10-22,4.0,56525.0,Young,9.6525
418,619,Imran,31.0,Male,India,Laptop,144000.0,10.0,2025-10-24,4.8,129600.0,Adult,17.76
419,620,Sara,24.0,Female,UK,Tablet,85500.0,10.0,2025-10-26,4.3,76950.0,Young,11.995000000000001
420,621,Ahmed,33.0,Male,Pakistan,Phone,100500.0,20.0,2025-10-28,4.9,80400.0,Adult,12.94
421,622,Areeba,27.0,Female,India,Laptop,127000.0,10.0,2025-10-30,4.6,114300.0,Young,16.03
422,623,Hassan,30.0,Male,UK,Tablet,88000.0,15.0,2025-11-01,4.2,74800.0,Adult,11.68
423,624,Zara,25.0,Female,Pakistan,Phone,65500.0,5.0,2025-11-03,4.1,62225.0,Young,10.3225
424,625,Usman,32.0,Male,India,Laptop,134000.0,10.0,2025-11-05,4.7,120600.0,Adult,16.76
425,626,Maryam,28.0,Female,UK,Tablet,86500.0,0.0,2025-11-07,4.3,86500.0,Young,12.95
426,627,Kamran,34.0,Male,Pakistan,Phone,98500.0,20.0,2025-11-09,4.8,78800.0,Adult,12.68
427,628,Sana,27.0,Female,India,Laptop,125000.0,10.0,2025-11-11,4.6,112500.0,Young,15.85
428,629,Farhan,29.0,Male,UK,Tablet,84500.0,10.0,2025-11-13,4.3,76050.0,Young,11.905000000000001
429,630,Mehak,28.0,Female,Pakistan,Phone,64500.0,5.0,2025-11-15,4.1,61275.0,Young,10.2275
430,631,Arif,31.0,Male,India,Laptop,141000.0,10.0,2025-11-17,4.9,126900.0,Adult,17.59
431,632,Hina,24.0,Female,UK,Tablet,86000.0,10.0,2025-11-19,4.4,77400.0,Young,12.14
432,633,Kamran,33.0,Male,Pakistan,Phone,99500.0,20.0,2025-11-21,4.8,79600.0,Adult,12.76
433,634,Sana,27.0,Female,India,Laptop,128000.0,10.0,2025-11-23,4.6,115200.0,Young,16.119999999999997
434,635,Farhan,29.0,Male,UK,Tablet,82500.0,0.0,2025-11-25,4.3,82500.0,Young,12.55
435,636,Mehak,28.0,Female,Pakistan,Phone,65500.0,5.0,2025-11-27,4.1,62225.0,Young,10.3225
436,637,Usama,30.0,Male,India,Laptop,145000.0,10.0,2025-11-29,4.9,130500.0,Adult,17.950000000000003
437,638,Aiman,26.0,Female,UK,Tablet,87500.0,10.0,2025-12-01,4.4,78750.0,Young,12.275
438,639,Rizwan,34.0,Male,Pakistan,Phone,95500.0,20.0,2025-12-03,4.7,76400.0,Adult,12.34
439,640,Sobia,25.0,Female,India,Laptop,130000.0,10.0,2025-12-05,4.6,117000.0,Young,16.299999999999997
440,641,Ali,27.0,Male,UK,Tablet,90500.0,15.0,2025-12-07,4.2,76925.0,Young,11.8925
441,642,Zainab,30.0,Female,Pakistan,Phone,62500.0,5.0,2025-12-09,4.0,59375.0,Adult,9.9375
442,643,Omar,32.0,Male,India,Laptop,132000.0,10.0,2025-12-11,4.5,118800.0,Adult,16.380000000000003
443,644,Hira,26.0,Female,UK,Tablet,83500.0,10.0,2025-12-13,4.3,75150.0,Young,11.815
444,645,Bilal,28.0,Male,Pakistan,Phone,103500.0,20.0,2025-12-15,4.9,82800.0,Young,13.18
445,646,Ayesha,29.0,Female,India,Laptop,131000.0,0.0,2025-12-17,4.7,131000.0,Young,17.8
446,647,Saad,35.0,Male,UK,Tablet,91500.0,15.0,2025-12-19,4.1,77775.0,Adult,11.8775
447,648,Nimra,26.0,Female,Pakistan,Phone,60500.0,5.0,2025-12-21,4.0,57475.0,Young,9.747499999999999
448,649,Imran,31.0,Male,India,Laptop,145000.0,10.0,2025-12-23,4.8,130500.0,Adult,17.85
449,650,Sara,24.0,Female,UK,Tablet,86500.0,10.0,2025-12-25,4.3,77850.0,Young,12.085
450,651,Ahmed,33.0,Male,Pakistan,Phone,101500.0,20.0,2025-12-27,4.9,81200.0,Adult,13.02
451,652,Areeba,27.0,Female,India,Laptop,129000.0,10.0,2025-12-29,4.6,116100.0,Young,16.21
452,653,Hassan,30.0,Male,UK,Tablet,89500.0,15.0,2025-12-31,4.2,76075.0,Adult,11.807500000000001
453,654,Zara,25.0,Female,Pakistan,Phone,66500.0,5.0,2026-01-02,4.1,63175.0,Young,10.4175
454,655,Usman,32.0,Male,India,Laptop,135000.0,10.0,2026-01-04,4.7,121500.0,Adult,16.85
455,656,Maryam,28.0,Female,UK,Tablet,87500.0,0.0,2026-01-06,4.3,87500.0,Young,13.05
456,657,Kamran,34.0,Male,Pakistan,Phone,99500.0,20.0,2026-01-08,4.8,79600.0,Adult,12.76
457,658,Sana,27.0,Female,India,Laptop,126000.0,10.0,2026-01-10,4.6,113400.0,Young,15.94
458,659,Farhan,29.0,Male,UK,Tablet,85500.0,10.0,2026-01-12,4.3,76950.0,Young,11.995000000000001
459,660,Mehak,28.0,Female,Pakistan,Phone,65500.0,5.0,2026-01-14,4.1,62225.0,Young,10.3225
460,661,Arif,31.0,Male,India,Laptop,142000.0,10.0,2026-01-16,4.9,127800.0,Adult,17.68
461,662,Hina,24.0,Female,UK,Tablet,87000.0,10.0,2026-01-18,4.4,78300.0,Young,12.23
462,663,Kamran,33.0,Male,Pakistan,Phone,100500.0,20.0,2026-01-20,4.8,80400.0,Adult,12.84
463,664,Sana,27.0,Female,India,Laptop,129000.0,10.0,2026-01-22,4.6,116100.0,Young,16.21
464,665,Farhan,29.0,Male,UK,Tablet,83500.0,0.0,2026-01-24,4.3,83500.0,Young,12.649999999999999
465,666,Mehak,28.0,Female,Pakistan,Phone,66500.0,5.0,2026-01-26,4.1,63175.0,Young,10.4175
466,667,Usama,30.0,Male,India,Laptop,146000.0,10.0,2026-01-28,4.9,131400.0,Adult,18.04
467,668,Aiman,26.0,Female,UK,Tablet,88500.0,10.0,2026-01-30,4.4,79650.0,Young,12.365
468,669,Rizwan,34.0,Male,Pakistan,Phone,96500.0,20.0,2026-02-01,4.7,77200.0,Adult,12.42
469,670,Sobia,25.0,Female,India,Laptop,131000.0,10.0,2026-02-03,4.6,117900.0,Young,16.39
470,671,Ali,27.0,Male,UK,Tablet,91500.0,15.0,2026-02-05,4.2,77775.0,Young,11.9775
471,672,Zainab,30.0,Female,Pakistan,Phone,63500.0,5.0,2026-02-07,4.0,60325.0,Adult,10.032499999999999
472,673,Omar,32.0,Male,India,Laptop,133000.0,10.0,2026-02-09,4.5,119700.0,Adult,16.47
473,674,Hira,26.0,Female,UK,Tablet,84500.0,10.0,2026-02-11,4.3,76050.0,Young,11.905000000000001
474,675,Bilal,28.0,Male,Pakistan,Phone,104000.0,20.0,2026-02-13,4.9,83200.0,Young,13.22
475,676,Ayesha,29.0,Female,India,Laptop,132000.0,0.0,2026-02-15,4.7,132000.0,Young,17.9
476,677,Saad,35.0,Male,UK,Tablet,92500.0,15.0,2026-02-17,4.1,78625.0,Adult,11.962499999999999
477,678,Nimra,26.0,Female,Pakistan,Phone,61500.0,5.0,2026-02-19,4.0,58425.0,Young,9.842500000000001
478,679,Imran,31.0,Male,India,Laptop,146000.0,10.0,2026-02-21,4.8,131400.0,Adult,17.94
479,680,Sara,24.0,Female,UK,Tablet,87500.0,10.0,2026-02-23,4.3,78750.0,Young,12.175
480,681,Ahmed,33.0,Male,Pakistan,Phone,102500.0,20.0,2026-02-25,4.9,82000.0,Adult,13.1
481,682,Areeba,27.0,Female,India,Laptop,130000.0,10.0,2026-02-27,4.6,117000.0,Young,16.299999999999997
482,683,Hassan,30.0,Male,UK,Tablet,90500.0,15.0,2026-03-01,4.2,76925.0,Adult,11.8925
483,684,Zara,25.0,Female,Pakistan,Phone,67500.0,5.0,2026-03-03,4.1,64125.0,Young,10.5125
484,685,Usman,32.0,Male,India,Laptop,136000.0,10.0,2026-03-05,4.7,122400.0,Adult,16.94
485,686,Maryam,28.0,Female,UK,Tablet,88500.0,0.0,2026-03-07,4.3,88500.0,Young,13.149999999999999
486,687,Kamran,34.0,Male,Pakistan,Phone,100500.0,20.0,2026-03-09,4.8,80400.0,Adult,12.84
487,688,Sana,27.0,Female,India,Laptop,127000.0,10.0,2026-03-11,4.6,114300.0,Young,16.03
488,689,Farhan,29.0,Male,UK,Tablet,86500.0,10.0,2026-03-13,4.3,77850.0,Young,12.085
489,690,Mehak,28.0,Female,Pakistan,Phone,67500.0,5.0,2026-03-15,4.1,64125.0,Young,10.5125
490,691,Arif,31.0,Male,India,Laptop,143000.0,10.0,2026-03-17,4.9,128700.0,Adult,17.77
491,692,Hina,24.0,Female,UK,Tablet,88000.0,10.0,2026-03-19,4.4,79200.0,Young,12.32
492,693,Kamran,33.0,Male,Pakistan,Phone,101500.0,20.0,2026-03-21,4.8,81200.0,Adult,12.919999999999998
493,694,Sana,27.0,Female,India,Laptop,130000.0,10.0,2026-03-23,4.6,117000.0,Young,16.299999999999997
494,695,Farhan,29.0,Male,UK,Tablet,84500.0,0.0,2026-03-25,4.3,84500.0,Young,12.75
495,696,Mehak,28.0,Female,Pakistan,Phone,68500.0,5.0,2026-03-27,4.1,65075.0,Young,10.6075
496,697,Usama,30.0,Male,India,Laptop,147000.0,10.0,2026-03-29,4.9,132300.0,Adult,18.130000000000003
497,698,Aiman,26.0,Female,UK,Tablet,89500.0,10.0,2026-03-31,4.4,80550.0,Young,12.455
498,699,Rizwan,34.0,Male,Pakistan,Phone,97500.0,20.0,2026-04-02,4.7,78000.0,Adult,12.5
499,700,Sobia,25.0,Female,India,Laptop,132000.0,10.0,2026-04-04,4.6,118800.0,Young,16.48
500,701,Ali,27.0,Male,UK,Tablet,92500.0,15.0,2026-04-06,4.2,78625.0,Young,12.0625
501,702,Zainab,30.0,Female,Pakistan,Phone,64500.0,5.0,2026-04-08,4.0,61275.0,Adult,10.127500000000001
502,703,Omar,32.0,Male,India,Laptop,134000.0,10.0,2026-04-10,4.5,120600.0,Adult,16.560000000000002
503,704,Hira,26.0,Female,UK,Tablet,85500.0,10.0,2026-04-12,4.3,76950.0,Young,11.995000000000001
504,705,Bilal,28.0,Male,Pakistan,Phone,105000.0,20.0,2026-04-14,4.9,84000.0,Young,13.3
505,706,Ayesha,29.0,Female,India,Laptop,133000.0,0.0,2026-04-16,4.7,133000.0,Young,18.0
506,707,Saad,35.0,Male,UK,Tablet,93500.0,15.0,2026-04-18,4.1,79475.0,Adult,12.0475
507,708,Nimra,26.0,Female,Pakistan,Phone,62500.0,5.0,2026-04-20,4.0,59375.0,Young,9.9375
508,709,Imran,31.0,Male,India,Laptop,147000.0,10.0,2026-04-22,4.8,132300.0,Adult,18.03
509,710,Sara,24.0,Female,UK,Tablet,88500.0,10.0,2026-04-24,4.3,79650.0,Young,12.265
510,211,Kamran,28.0,Male,Pakistan,Phone,55000.0,5.0,2023-08-01,4.3,52250.0,Young,9.524999999999999
511,212,Hina,24.0,Female,India,Laptop,125000.0,10.0,2023-08-03,4.8,112500.0,Young,16.05
512,213,Usama,28.0,Male,UK,Tablet,72000.0,15.0,2023-08-05,4.1,61200.0,Young,10.219999999999999
513,214,Sana,27.0,Female,Pakistan,Phone,48000.0,5.0,2023-08-06,3.9,45600.0,Young,8.459999999999999
514,215,Faisal,31.0,Male,India,Laptop,84500.0,10.0,2023-08-07,4.6,76050.0,Adult,12.205
515,216,Mehak,26.0,Female,UK,Tablet,75000.0,12.0,2023-08-08,4.2,66000.0,Young,10.8
516,217,Ali,25.0,Male,Pakistan,Phone,51000.0,5.0,2023-08-09,4.4,48450.0,Young,9.245000000000001
517,218,Noor,29.0,Female,India,Laptop,118000.0,0.0,2023-08-10,4.7,118000.0,Young,16.5
518,219,Hassan,30.0,Male,UK,Tablet,80000.0,15.0,2023-08-11,4.40469387755102,68000.0,Adult,11.20469387755102
519,220,Ayesha,28.0,Female,Pakistan,Phone,47000.0,5.0,2023-08-12,3.8,44650.0,Young,8.265
520,221,Imran,33.0,Male,India,Laptop,130000.0,10.0,2023-08-13,4.9,117000.0,Adult,16.6
521,222,Zara,26.0,Female,UK,Tablet,76000.0,12.0,2023-08-14,4.2,66880.0,Young,10.888
522,223,Usman,27.0,Male,Pakistan,Phone,53000.0,5.0,2023-08-15,4.0,50350.0,Young,9.035
523,224,Sara,28.0,Female,India,Laptop,122000.0,10.0,2023-08-16,4.6,109800.0,Young,15.58
524,225,Kamran,29.0,Male,UK,Tablet,78000.0,15.0,2023-08-17,4.1,66300.0,Young,10.73
525,226,Hina,25.0,Female,Pakistan,Phone,50000.0,5.0,2023-08-18,4.3,47500.0,Young,9.05
526,227,Ali,32.0,Male,India,Laptop,128000.0,10.0,2023-08-19,4.8,115200.0,Adult,16.32
527,228,Sana,27.0,Female,UK,Tablet,74000.0,12.0,2023-08-20,4.2,65120.0,Young,10.712
528,229,Faisal,30.0,Male,Pakistan,Phone,84500.0,5.0,2023-08-21,3.9,80275.0,Adult,11.9275
529,230,Mehak,26.0,Female,India,Laptop,119000.0,10.0,2023-08-22,4.7,107100.0,Young,15.41
530,231,Usama,28.0,Male,UK,Tablet,77000.0,15.0,2023-08-23,4.1,65450.0,Young,10.645
531,232,Noor,29.0,Female,Pakistan,Phone,49000.0,5.0,2023-08-24,4.0,46550.0,Young,8.655000000000001
532,233,Hassan,31.0,Male,India,Laptop,131000.0,0.0,2023-08-25,4.9,131000.0,Adult,18.0
533,234,Ayesha,27.0,Female,UK,Tablet,79000.0,12.0,2023-08-26,4.2,69520.0,Young,11.152000000000001
534,235,Imran,28.0,Male,Pakistan,Phone,52000.0,5.0,2023-08-27,4.3,49400.0,Young,9.24
535,236,Zara,26.0,Female,India,Laptop,120000.0,10.0,2023-08-28,4.40469387755102,108000.0,Young,15.204693877551021
536,237,Kamran,28.0,Male,UK,Tablet,80000.0,15.0,2023-08-29,4.1,68000.0,Young,10.899999999999999
537,238,Hina,25.0,Female,Pakistan,Phone,51000.0,5.0,2023-08-30,4.4,48450.0,Young,9.245000000000001
538,239,Ali,33.0,Male,India,Laptop,129000.0,10.0,2023-08-31,4.8,116100.0,Adult,16.41
539,240,Sana,27.0,Female,UK,Tablet,76000.0,12.0,2023-09-01,4.2,66880.0,Young,10.888
540,241,Faisal,30.0,Male,Pakistan,Phone,50000.0,5.0,2023-09-02,4.0,47500.0,Adult,8.75
541,242,Mehak,26.0,Female,India,Laptop,121000.0,10.0,2023-09-03,4.7,108900.0,Young,15.59
542,243,Usama,29.0,Male,UK,Tablet,84500.0,15.0,2023-09-04,4.1,71825.0,Young,11.282499999999999
543,244,Noor,28.0,Female,Pakistan,Phone,48000.0,5.0,2023-09-05,3.9,45600.0,Young,8.459999999999999
544,245,Hassan,31.0,Male,India,Laptop,132000.0,10.0,2023-09-06,4.9,118800.0,Adult,16.78
545,246,Ayesha,27.0,Female,UK,Tablet,77000.0,12.0,2023-09-07,4.2,67760.0,Young,10.975999999999999
546,247,Imran,32.0,Male,Pakistan,Phone,53000.0,5.0,2023-09-08,4.3,50350.0,Adult,9.335
547,248,Zara,28.0,Female,India,Laptop,123000.0,10.0,2023-09-09,4.6,110700.0,Young,15.67
548,249,Kamran,28.0,Male,UK,Tablet,79000.0,15.0,2023-09-10,4.1,67150.0,Young,10.815
549,250,Hina,25.0,Female,Pakistan,Phone,50000.0,5.0,2023-09-11,4.3,47500.0,Young,9.05
550,251,Ali,30.0,Male,India,Laptop,127000.0,10.0,2023-09-12,4.8,114300.0,Adult,16.23
551,252,Sana,27.0,Female,UK,Tablet,76000.0,12.0,2023-09-13,4.2,66880.0,Young,10.888
552,253,Faisal,31.0,Male,Pakistan,Phone,52000.0,0.0,2023-09-14,4.0,52000.0,Adult,9.2
553,254,Mehak,26.0,Female,India,Laptop,120000.0,10.0,2023-09-15,4.7,108000.0,Young,15.5
554,255,Usama,28.0,Male,UK,Tablet,78000.0,15.0,2023-09-16,4.40469387755102,66300.0,Young,11.034693877551021
555,256,Noor,29.0,Female,Pakistan,Phone,49000.0,5.0,2023-09-17,4.0,46550.0,Young,8.655000000000001
556,257,Hassan,32.0,Male,India,Laptop,133000.0,10.0,2023-09-18,4.9,119700.0,Adult,16.87
557,258,Ayesha,27.0,Female,UK,Tablet,80000.0,12.0,2023-09-19,4.2,70400.0,Young,11.24
558,259,Imran,33.0,Male,Pakistan,Phone,54000.0,5.0,2023-09-20,4.3,51300.0,Adult,9.43
559,260,Zara,26.0,Female,India,Laptop,122000.0,10.0,2023-09-21,4.6,109800.0,Young,15.58
560,261,Kamran,28.0,Male,UK,Tablet,77000.0,15.0,2023-09-22,4.1,65450.0,Young,10.645
561,262,Hina,25.0,Female,Pakistan,Phone,84500.0,5.0,2023-09-23,4.3,80275.0,Young,12.3275
562,263,Ali,31.0,Male,India,Laptop,128000.0,10.0,2023-09-24,4.8,115200.0,Adult,16.32
563,264,Sana,27.0,Female,UK,Tablet,75000.0,12.0,2023-09-25,4.2,66000.0,Young,10.8
564,265,Faisal,30.0,Male,Pakistan,Phone,51000.0,5.0,2023-09-26,3.9,48450.0,Adult,8.745
565,266,Mehak,26.0,Female,India,Laptop,121000.0,10.0,2023-09-27,4.7,108900.0,Young,15.59
566,267,Usama,28.0,Male,UK,Tablet,79000.0,15.0,2023-09-28,4.1,67150.0,Young,10.815
567,268,Noor,28.0,Female,Pakistan,Phone,48000.0,5.0,2023-09-29,4.0,45600.0,Young,8.559999999999999
568,269,Hassan,31.0,Male,India,Laptop,130000.0,0.0,2023-09-30,4.9,130000.0,Adult,17.9
569,270,Ayesha,27.0,Female,UK,Tablet,76000.0,12.0,2023-10-01,4.2,66880.0,Young,10.888
570,271,Imran,32.0,Male,Pakistan,Phone,52000.0,5.0,2023-10-02,4.3,49400.0,Adult,9.24
571,272,Zara,26.0,Female,India,Laptop,124000.0,10.0,2023-10-03,4.40469387755102,111600.0,Young,15.56469387755102
572,273,Kamran,28.0,Male,UK,Tablet,80000.0,15.0,2023-10-04,4.1,68000.0,Young,10.899999999999999
573,274,Hina,25.0,Female,Pakistan,Phone,50000.0,5.0,2023-10-05,4.3,47500.0,Young,9.05
574,275,Ali,33.0,Male,India,Laptop,129000.0,10.0,2023-10-06,4.8,116100.0,Adult,16.41
575,276,Sana,27.0,Female,UK,Tablet,77000.0,12.0,2023-10-07,4.2,67760.0,Young,10.975999999999999
576,277,Faisal,31.0,Male,Pakistan,Phone,53000.0,5.0,2023-10-08,4.0,50350.0,Adult,9.035
577,278,Mehak,26.0,Female,India,Laptop,120000.0,10.0,2023-10-09,4.7,108000.0,Young,15.5
578,279,Usama,29.0,Male,UK,Tablet,78000.0,15.0,2023-10-10,4.1,66300.0,Young,10.73
579,280,Noor,28.0,Female,Pakistan,Phone,49000.0,5.0,2023-10-11,4.0,46550.0,Young,8.655000000000001
580,281,Hassan,32.0,Male,India,Laptop,131000.0,10.0,2023-10-12,4.9,117900.0,Adult,16.689999999999998
581,282,Ayesha,27.0,Female,UK,Tablet,79000.0,12.0,2023-10-13,4.2,69520.0,Young,11.152000000000001
582,283,Imran,33.0,Male,Pakistan,Phone,54000.0,5.0,2023-10-14,4.3,51300.0,Adult,9.43
583,284,Zara,26.0,Female,India,Laptop,123000.0,10.0,2023-10-15,4.6,110700.0,Young,15.67
584,285,Kamran,28.0,Male,UK,Tablet,84500.0,15.0,2023-10-16,4.1,71825.0,Young,11.282499999999999
585,286,Hina,25.0,Female,Pakistan,Phone,50000.0,5.0,2023-10-17,4.3,47500.0,Young,9.05
586,287,Ali,30.0,Male,India,Laptop,127000.0,10.0,2023-10-18,4.8,114300.0,Adult,16.23
587,288,Sana,27.0,Female,UK,Tablet,76000.0,12.0,2023-10-19,4.2,66880.0,Young,10.888
588,289,Faisal,31.0,Male,Pakistan,Phone,52000.0,5.0,2023-10-20,4.0,49400.0,Adult,8.940000000000001
589,290,Mehak,26.0,Female,India,Laptop,121000.0,10.0,2023-10-21,4.7,108900.0,Young,15.59
590,291,Usama,28.0,Male,UK,Tablet,78000.0,15.0,2023-10-22,4.40469387755102,66300.0,Young,11.034693877551021
591,292,Noor,29.0,Female,Pakistan,Phone,49000.0,5.0,2023-10-23,4.0,46550.0,Young,8.655000000000001
592,293,Hassan,32.0,Male,India,Laptop,132000.0,10.0,2023-10-24,4.9,118800.0,Adult,16.78
593,294,Ayesha,27.0,Female,UK,Tablet,77000.0,12.0,2023-10-25,4.2,67760.0,Young,10.975999999999999
594,295,Imran,33.0,Male,Pakistan,Phone,54000.0,5.0,2023-10-26,4.3,51300.0,Adult,9.43
595,296,Zara,26.0,Female,India,Laptop,122000.0,10.0,2023-10-27,4.6,109800.0,Young,15.58
596,297,Kamran,28.0,Male,UK,Tablet,79000.0,15.0,2023-10-28,4.1,67150.0,Young,10.815
597,298,Hina,25.0,Female,Pakistan,Phone,50000.0,5.0,2023-10-29,4.3,47500.0,Young,9.05
598,299,Ali,31.0,Male,India,Laptop,128000.0,10.0,2023-10-30,4.8,115200.0,Adult,16.32
599,300,Sana,27.0,Female,UK,Tablet,76000.0,12.0,2023-10-31,4.2,66880.0,Young,10.888
600,301,Faisal,30.0,Male,Pakistan,Phone,51000.0,5.0,2023-11-01,4.0,48450.0,Adult,8.844999999999999
601,302,Mehak,26.0,Female,India,Laptop,120000.0,10.0,2023-11-02,4.7,108000.0,Young,15.5
602,303,Usama,29.0,Male,UK,Tablet,78000.0,15.0,2023-11-03,4.1,66300.0,Young,10.73
603,304,Noor,28.0,Female,Pakistan,Phone,49000.0,5.0,2023-11-04,4.0,46550.0,Young,8.655000000000001
604,305,Hassan,31.0,Male,India,Laptop,130000.0,10.0,2023-11-05,4.9,117000.0,Adult,16.6
605,306,Ayesha,27.0,Female,UK,Tablet,79000.0,12.0,2023-11-06,4.2,69520.0,Young,11.152000000000001
606,307,Imran,32.0,Male,Pakistan,Phone,52000.0,5.0,2023-11-07,4.3,49400.0,Adult,9.24
607,308,Zara,26.0,Female,India,Laptop,124000.0,10.0,2023-11-08,4.40469387755102,111600.0,Young,15.56469387755102
608,309,Kamran,28.0,Male,UK,Tablet,80000.0,15.0,2023-11-09,4.1,68000.0,Young,10.899999999999999
609,310,Hina,25.0,Female,Pakistan,Phone,50000.0,5.0,2023-11-10,4.3,47500.0,Young,9.05
610,311,Ali,33.0,Male,India,Laptop,129000.0,10.0,2023-11-11,4.8,116100.0,Adult,16.41
611,312,Sana,27.0,Female,UK,Tablet,77000.0,12.0,2023-11-12,4.2,67760.0,Young,10.975999999999999
612,313,Faisal,31.0,Male,Pakistan,Phone,53000.0,5.0,2023-11-13,4.0,50350.0,Adult,9.035
613,314,Mehak,26.0,Female,India,Laptop,121000.0,10.0,2023-11-14,4.7,108900.0,Young,15.59
614,315,Usama,28.0,Male,UK,Tablet,78000.0,15.0,2023-11-15,4.1,66300.0,Young,10.73
615,316,Noor,29.0,Female,Pakistan,Phone,84500.0,5.0,2023-11-16,4.0,80275.0,Young,12.0275
616,317,Hassan,32.0,Male,India,Laptop,132000.0,10.0,2023-11-17,4.9,118800.0,Adult,16.78
617,318,Ayesha,27.0,Female,UK,Tablet,77000.0,12.0,2023-11-18,4.2,67760.0,Young,10.975999999999999
618,319,Imran,33.0,Male,Pakistan,Phone,54000.0,5.0,2023-11-19,4.3,51300.0,Adult,9.43
619,320,Zara,26.0,Female,India,Laptop,123000.0,10.0,2023-11-20,4.6,110700.0,Young,15.67
620,321,Kamran,28.0,Male,UK,Tablet,79000.0,15.0,2023-11-21,4.1,67150.0,Young,10.815
621,322,Hina,25.0,Female,Pakistan,Phone,50000.0,5.0,2023-11-22,4.3,47500.0,Young,9.05
622,323,Ali,30.0,Male,India,Laptop,127000.0,10.0,2023-11-23,4.8,114300.0,Adult,16.23
623,324,Sana,27.0,Female,UK,Tablet,76000.0,12.0,2023-11-24,4.2,66880.0,Young,10.888
624,325,Faisal,31.0,Male,Pakistan,Phone,52000.0,5.0,2023-11-25,4.0,49400.0,Adult,8.940000000000001
625,326,Mehak,26.0,Female,India,Laptop,121000.0,10.0,2023-11-26,4.7,108900.0,Young,15.59
626,327,Usama,29.0,Male,UK,Tablet,78000.0,15.0,2023-11-27,4.1,66300.0,Young,10.73
627,328,Noor,28.0,Female,Pakistan,Phone,49000.0,5.0,2023-11-28,4.0,46550.0,Young,8.655000000000001
628,329,Hassan,32.0,Male,India,Laptop,131000.0,10.0,2023-11-29,4.9,117900.0,Adult,16.689999999999998
629,330,Ayesha,27.0,Female,UK,Tablet,79000.0,12.0,2023-11-30,4.2,69520.0,Young,11.152000000000001
630,331,Imran,33.0,Male,Pakistan,Phone,54000.0,5.0,2023-12-01,4.3,51300.0,Adult,9.43
631,332,Zara,26.0,Female,India,Laptop,122000.0,10.0,2023-12-02,4.40469387755102,109800.0,Young,15.38469387755102
632,333,Kamran,28.0,Male,UK,Tablet,80000.0,15.0,2023-12-03,4.1,68000.0,Young,10.899999999999999
633,334,Hina,25.0,Female,Pakistan,Phone,50000.0,5.0,2023-12-04,4.3,47500.0,Young,9.05
634,335,Ali,31.0,Male,India,Laptop,128000.0,10.0,2023-12-05,4.8,115200.0,Adult,16.32
635,336,Sana,27.0,Female,UK,Tablet,76000.0,12.0,2023-12-06,4.2,66880.0,Young,10.888
636,337,Faisal,30.0,Male,Pakistan,Phone,51000.0,5.0,2023-12-07,4.0,48450.0,Adult,8.844999999999999
637,338,Mehak,26.0,Female,India,Laptop,120000.0,10.0,2023-12-08,4.7,108000.0,Young,15.5
638,339,Usama,28.0,Male,UK,Tablet,78000.0,15.0,2023-12-09,4.1,66300.0,Young,10.73
639,340,Noor,29.0,Female,Pakistan,Phone,49000.0,5.0,2023-12-10,4.0,46550.0,Young,8.655000000000001
640,341,Hassan,31.0,Male,India,Laptop,130000.0,10.0,2023-12-11,4.9,117000.0,Adult,16.6
641,342,Ayesha,27.0,Female,UK,Tablet,79000.0,12.0,2023-12-12,4.2,69520.0,Young,11.152000000000001
642,343,Imran,32.0,Male,Pakistan,Phone,52000.0,5.0,2023-12-13,4.3,49400.0,Adult,9.24
643,344,Zara,26.0,Female,India,Laptop,124000.0,10.0,2023-12-14,4.6,111600.0,Young,15.76
644,345,Kamran,28.0,Male,UK,Tablet,80000.0,15.0,2023-12-15,4.1,68000.0,Young,10.899999999999999
645,346,Hina,25.0,Female,Pakistan,Phone,50000.0,5.0,2023-12-16,4.3,47500.0,Young,9.05
646,347,Ali,33.0,Male,India,Laptop,129000.0,10.0,2023-12-17,4.8,116100.0,Adult,16.41
647,348,Sana,27.0,Female,UK,Tablet,77000.0,12.0,2023-12-18,4.2,67760.0,Young,10.975999999999999
648,349,Faisal,31.0,Male,Pakistan,Phone,53000.0,5.0,2023-12-19,4.0,50350.0,Adult,9.035
649,350,Mehak,26.0,Female,India,Laptop,121000.0,10.0,2023-12-20,4.7,108900.0,Young,15.59
650,351,Usama,28.0,Male,UK,Tablet,78000.0,15.0,2023-12-21,4.1,66300.0,Young,10.73
651,352,Noor,29.0,Female,Pakistan,Phone,49000.0,5.0,2023-12-22,4.0,46550.0,Young,8.655000000000001
652,353,Hassan,32.0,Male,India,Laptop,132000.0,10.0,2023-12-23,4.9,118800.0,Adult,16.78
653,354,Ayesha,27.0,Female,UK,Tablet,77000.0,12.0,2023-12-24,4.2,67760.0,Young,10.975999999999999
654,355,Imran,33.0,Male,Pakistan,Phone,54000.0,5.0,2023-12-25,4.3,51300.0,Adult,9.43
655,356,Zara,26.0,Female,India,Laptop,123000.0,10.0,2023-12-26,4.6,110700.0,Young,15.67
656,357,Kamran,28.0,Male,UK,Tablet,79000.0,15.0,2023-12-27,4.1,67150.0,Young,10.815
657,358,Hina,25.0,Female,Pakistan,Phone,50000.0,5.0,2023-12-28,4.3,47500.0,Young,9.05
658,359,Ali,31.0,Male,India,Laptop,128000.0,10.0,2023-12-29,4.8,115200.0,Adult,16.32
659,360,Sana,27.0,Female,UK,Tablet,76000.0,12.0,2023-12-30,4.2,66880.0,Young,10.888
660,361,Ali,30.0,Male,Pakistan,Phone,52000.0,5.0,2024-01-01,4.3,49400.0,Adult,9.24
661,362,Sara,27.0,Female,India,Laptop,125000.0,10.0,2024-01-02,4.8,112500.0,Young,16.05
662,363,Usman,28.0,Male,UK,Tablet,78000.0,15.0,2024-01-03,4.1,66300.0,Young,10.73
663,364,Ayesha,29.0,Female,Pakistan,Phone,49000.0,5.0,2024-01-04,3.9,46550.0,Young,8.555
664,365,Hassan,32.0,Male,India,Laptop,84500.0,10.0,2024-01-05,4.7,76050.0,Adult,12.305
665,366,Zara,26.0,Female,UK,Tablet,76000.0,12.0,2024-01-06,4.2,66880.0,Young,10.888
666,367,Imran,33.0,Male,Pakistan,Phone,54000.0,5.0,2024-01-07,4.4,51300.0,Adult,9.530000000000001
667,368,Noor,28.0,Female,India,Laptop,120000.0,0.0,2024-01-08,4.6,120000.0,Young,16.6
668,369,Kamran,31.0,Male,UK,Tablet,80000.0,15.0,2024-01-09,4.40469387755102,68000.0,Adult,11.20469387755102
669,370,Hina,25.0,Female,Pakistan,Phone,50000.0,5.0,2024-01-10,4.3,47500.0,Young,9.05
670,371,Ali,30.0,Male,India,Laptop,127000.0,10.0,2024-01-11,4.8,114300.0,Adult,16.23
671,372,Sana,27.0,Female,UK,Tablet,77000.0,12.0,2024-01-12,4.2,67760.0,Young,10.975999999999999
672,373,Faisal,31.0,Male,Pakistan,Phone,84500.0,5.0,2024-01-13,4.0,80275.0,Adult,12.0275
673,374,Mehak,26.0,Female,India,Laptop,121000.0,10.0,2024-01-14,4.7,108900.0,Young,15.59
674,375,Usama,29.0,Male,UK,Tablet,78000.0,15.0,2024-01-15,4.1,66300.0,Young,10.73
675,376,Noor,28.0,Female,Pakistan,Phone,49000.0,5.0,2024-01-16,4.0,46550.0,Young,8.655000000000001
676,377,Hassan,32.0,Male,India,Laptop,130000.0,10.0,2024-01-17,4.9,117000.0,Adult,16.6
677,378,Ayesha,27.0,Female,UK,Tablet,79000.0,12.0,2024-01-18,4.2,69520.0,Young,11.152000000000001
678,379,Imran,33.0,Male,Pakistan,Phone,54000.0,5.0,2024-01-19,4.3,51300.0,Adult,9.43
679,380,Zara,26.0,Female,India,Laptop,123000.0,10.0,2024-01-20,4.6,110700.0,Young,15.67
680,381,Kamran,28.0,Male,UK,Tablet,80000.0,15.0,2024-01-21,4.1,68000.0,Young,10.899999999999999
681,382,Hina,25.0,Female,Pakistan,Phone,50000.0,5.0,2024-01-22,4.3,47500.0,Young,9.05
682,383,Ali,31.0,Male,India,Laptop,128000.0,10.0,2024-01-23,4.8,115200.0,Adult,16.32
683,384,Sana,27.0,Female,UK,Tablet,76000.0,12.0,2024-01-24,4.2,66880.0,Young,10.888
684,385,Faisal,30.0,Male,Pakistan,Phone,51000.0,5.0,2024-01-25,4.0,48450.0,Adult,8.844999999999999
685,386,Mehak,26.0,Female,India,Laptop,120000.0,10.0,2024-01-26,4.7,108000.0,Young,15.5
686,387,Usama,28.0,Male,UK,Tablet,84500.0,15.0,2024-01-27,4.1,71825.0,Young,11.282499999999999
687,388,Noor,29.0,Female,Pakistan,Phone,49000.0,5.0,2024-01-28,4.0,46550.0,Young,8.655000000000001
688,389,Hassan,31.0,Male,India,Laptop,131000.0,10.0,2024-01-29,4.9,117900.0,Adult,16.689999999999998
689,390,Ayesha,27.0,Female,UK,Tablet,77000.0,12.0,2024-01-30,4.2,67760.0,Young,10.975999999999999
690,391,Imran,32.0,Male,Pakistan,Phone,52000.0,5.0,2024-01-31,4.3,49400.0,Adult,9.24
691,392,Zara,26.0,Female,India,Laptop,124000.0,10.0,2024-02-01,4.6,111600.0,Young,15.76
692,393,Kamran,28.0,Male,UK,Tablet,79000.0,15.0,2024-02-02,4.1,67150.0,Young,10.815
693,394,Hina,25.0,Female,Pakistan,Phone,50000.0,5.0,2024-02-03,4.3,47500.0,Young,9.05
694,395,Ali,33.0,Male,India,Laptop,129000.0,10.0,2024-02-04,4.8,116100.0,Adult,16.41
695,396,Sana,27.0,Female,UK,Tablet,76000.0,12.0,2024-02-05,4.2,66880.0,Young,10.888
696,397,Faisal,31.0,Male,Pakistan,Phone,53000.0,5.0,2024-02-06,4.0,50350.0,Adult,9.035
697,398,Mehak,26.0,Female,India,Laptop,121000.0,10.0,2024-02-07,4.7,108900.0,Young,15.59
698,399,Usama,29.0,Male,UK,Tablet,78000.0,15.0,2024-02-08,4.1,66300.0,Young,10.73
699,400,Noor,28.0,Female,Pakistan,Phone,84500.0,5.0,2024-02-09,4.0,80275.0,Young,12.0275
700,401,Hassan,32.0,Male,India,Laptop,132000.0,10.0,2024-02-10,4.9,118800.0,Adult,16.78
701,402,Ayesha,27.0,Female,UK,Tablet,77000.0,12.0,2024-02-11,4.2,67760.0,Young,10.975999999999999
702,403,Imran,33.0,Male,Pakistan,Phone,54000.0,5.0,2024-02-12,4.3,51300.0,Adult,9.43
703,404,Zara,26.0,Female,India,Laptop,122000.0,10.0,2024-02-13,4.40469387755102,109800.0,Young,15.38469387755102
704,405,Kamran,28.0,Male,UK,Tablet,80000.0,15.0,2024-02-14,4.1,68000.0,Young,10.899999999999999
705,406,Hina,25.0,Female,Pakistan,Phone,50000.0,5.0,2024-02-15,4.3,47500.0,Young,9.05
706,407,Ali,30.0,Male,India,Laptop,127000.0,10.0,2024-02-16,4.8,114300.0,Adult,16.23
707,408,Sana,27.0,Female,UK,Tablet,76000.0,12.0,2024-02-17,4.2,66880.0,Young,10.888
708,409,Faisal,31.0,Male,Pakistan,Phone,52000.0,5.0,2024-02-18,4.0,49400.0,Adult,8.940000000000001
709,410,Mehak,26.0,Female,India,Laptop,121000.0,10.0,2024-02-19,4.7,108900.0,Young,15.59
710,411,Usama,28.0,Male,UK,Tablet,78000.0,15.0,2024-02-20,4.1,66300.0,Young,10.73
711,412,Noor,29.0,Female,Pakistan,Phone,49000.0,5.0,2024-02-21,4.0,46550.0,Young,8.655000000000001
712,413,Hassan,32.0,Male,India,Laptop,130000.0,10.0,2024-02-22,4.9,117000.0,Adult,16.6
713,414,Ayesha,27.0,Female,UK,Tablet,79000.0,12.0,2024-02-23,4.2,69520.0,Young,11.152000000000001
714,415,Imran,33.0,Male,Pakistan,Phone,54000.0,5.0,2024-02-24,4.3,51300.0,Adult,9.43
715,416,Zara,26.0,Female,India,Laptop,123000.0,10.0,2024-02-25,4.6,110700.0,Young,15.67
716,417,Kamran,28.0,Male,UK,Tablet,84500.0,15.0,2024-02-26,4.1,71825.0,Young,11.282499999999999
717,418,Hina,25.0,Female,Pakistan,Phone,50000.0,5.0,2024-02-27,4.3,47500.0,Young,9.05
718,419,Ali,31.0,Male,India,Laptop,128000.0,10.0,2024-02-28,4.8,115200.0,Adult,16.32
719,420,Sana,27.0,Female,UK,Tablet,76000.0,12.0,2024-02-29,4.2,66880.0,Young,10.888
720,421,Faisal,30.0,Male,Pakistan,Phone,51000.0,5.0,2024-03-01,4.0,48450.0,Adult,8.844999999999999
721,422,Mehak,26.0,Female,India,Laptop,120000.0,10.0,2024-03-02,4.7,108000.0,Young,15.5
722,423,Usama,29.0,Male,UK,Tablet,78000.0,15.0,2024-03-03,4.1,66300.0,Young,10.73
723,424,Noor,28.0,Female,Pakistan,Phone,49000.0,5.0,2024-03-04,4.0,46550.0,Young,8.655000000000001
724,425,Hassan,31.0,Male,India,Laptop,131000.0,10.0,2024-03-05,4.9,117900.0,Adult,16.689999999999998
725,426,Ayesha,27.0,Female,UK,Tablet,77000.0,12.0,2024-03-06,4.2,67760.0,Young,10.975999999999999
726,427,Imran,32.0,Male,Pakistan,Phone,52000.0,5.0,2024-03-07,4.3,49400.0,Adult,9.24
727,428,Zara,26.0,Female,India,Laptop,124000.0,10.0,2024-03-08,4.6,111600.0,Young,15.76
728,429,Kamran,28.0,Male,UK,Tablet,80000.0,15.0,2024-03-09,4.1,68000.0,Young,10.899999999999999
729,430,Hina,25.0,Female,Pakistan,Phone,50000.0,5.0,2024-03-10,4.3,47500.0,Young,9.05
730,431,Ali,33.0,Male,India,Laptop,129000.0,10.0,2024-03-11,4.8,116100.0,Adult,16.41
731,432,Sana,27.0,Female,UK,Tablet,76000.0,12.0,2024-03-12,4.2,66880.0,Young,10.888
732,433,Faisal,31.0,Male,Pakistan,Phone,53000.0,5.0,2024-03-13,4.0,50350.0,Adult,9.035
733,434,Mehak,26.0,Female,India,Laptop,121000.0,10.0,2024-03-14,4.7,108900.0,Young,15.59
734,435,Usama,28.0,Male,UK,Tablet,78000.0,15.0,2024-03-15,4.1,66300.0,Young,10.73
735,436,Noor,29.0,Female,Pakistan,Phone,84500.0,5.0,2024-03-16,4.0,80275.0,Young,12.0275
736,437,Hassan,32.0,Male,India,Laptop,132000.0,10.0,2024-03-17,4.9,118800.0,Adult,16.78
737,438,Ayesha,27.0,Female,UK,Tablet,77000.0,12.0,2024-03-18,4.2,67760.0,Young,10.975999999999999
738,439,Imran,33.0,Male,Pakistan,Phone,54000.0,5.0,2024-03-19,4.3,51300.0,Adult,9.43
739,440,Zara,26.0,Female,India,Laptop,122000.0,10.0,2024-03-20,4.6,109800.0,Young,15.58
740,441,Kamran,28.0,Male,UK,Tablet,79000.0,15.0,2024-03-21,4.1,67150.0,Young,10.815
741,442,Hina,25.0,Female,Pakistan,Phone,50000.0,5.0,2024-03-22,4.3,47500.0,Young,9.05
742,443,Ali,30.0,Male,India,Laptop,127000.0,10.0,2024-03-23,4.8,114300.0,Adult,16.23
743,444,Sana,27.0,Female,UK,Tablet,76000.0,12.0,2024-03-24,4.2,66880.0,Young,10.888
744,445,Faisal,31.0,Male,Pakistan,Phone,52000.0,5.0,2024-03-25,4.0,49400.0,Adult,8.940000000000001
745,446,Mehak,26.0,Female,India,Laptop,121000.0,10.0,2024-03-26,4.7,108900.0,Young,15.59
746,447,Usama,29.0,Male,UK,Tablet,78000.0,15.0,2024-03-27,4.1,66300.0,Young,10.73
747,448,Noor,28.0,Female,Pakistan,Phone,49000.0,5.0,2024-03-28,4.0,46550.0,Young,8.655000000000001
748,449,Hassan,32.0,Male,India,Laptop,131000.0,10.0,2024-03-29,4.9,117900.0,Adult,16.689999999999998
749,450,Ayesha,27.0,Female,UK,Tablet,79000.0,12.0,2024-03-30,4.2,69520.0,Young,11.152000000000001
750,451,Imran,33.0,Male,Pakistan,Phone,54000.0,5.0,2024-03-31,4.3,51300.0,Adult,9.43
751,452,Zara,26.0,Female,India,Laptop,123000.0,10.0,2024-04-01,4.40469387755102,110700.0,Young,15.47469387755102
752,453,Kamran,28.0,Male,UK,Tablet,80000.0,15.0,2024-04-02,4.1,68000.0,Young,10.899999999999999
753,454,Hina,25.0,Female,Pakistan,Phone,50000.0,5.0,2024-04-03,4.3,47500.0,Young,9.05
754,455,Ali,31.0,Male,India,Laptop,128000.0,10.0,2024-04-04,4.8,115200.0,Adult,16.32
755,456,Sana,27.0,Female,UK,Tablet,76000.0,12.0,2024-04-05,4.2,66880.0,Young,10.888
756,457,Faisal,30.0,Male,Pakistan,Phone,51000.0,5.0,2024-04-06,4.0,48450.0,Adult,8.844999999999999
757,458,Mehak,26.0,Female,India,Laptop,120000.0,10.0,2024-04-07,4.7,108000.0,Young,15.5
758,459,Usama,28.0,Male,UK,Tablet,78000.0,15.0,2024-04-08,4.1,66300.0,Young,10.73
759,460,Noor,29.0,Female,Pakistan,Phone,49000.0,5.0,2024-04-09,4.0,46550.0,Young,8.655000000000001
760,461,Hassan,31.0,Male,India,Laptop,130000.0,10.0,2024-04-10,4.9,117000.0,Adult,16.6
761,462,Ayesha,27.0,Female,UK,Tablet,79000.0,12.0,2024-04-11,4.2,69520.0,Young,11.152000000000001
762,463,Imran,32.0,Male,Pakistan,Phone,52000.0,5.0,2024-04-12,4.3,49400.0,Adult,9.24
763,464,Zara,26.0,Female,India,Laptop,124000.0,10.0,2024-04-13,4.6,111600.0,Young,15.76
764,465,Kamran,28.0,Male,UK,Tablet,80000.0,15.0,2024-04-14,4.1,68000.0,Young,10.899999999999999
765,466,Hina,25.0,Female,Pakistan,Phone,50000.0,5.0,2024-04-15,4.3,47500.0,Young,9.05
766,467,Ali,33.0,Male,India,Laptop,129000.0,10.0,2024-04-16,4.8,116100.0,Adult,16.41
767,468,Sana,27.0,Female,UK,Tablet,76000.0,12.0,2024-04-17,4.2,66880.0,Young,10.888
768,469,Faisal,31.0,Male,Pakistan,Phone,53000.0,5.0,2024-04-18,4.0,50350.0,Adult,9.035
769,470,Mehak,26.0,Female,India,Laptop,121000.0,10.0,2024-04-19,4.7,108900.0,Young,15.59
770,471,Usama,28.0,Male,UK,Tablet,84500.0,15.0,2024-04-20,4.1,71825.0,Young,11.282499999999999
771,472,Noor,29.0,Female,Pakistan,Phone,49000.0,5.0,2024-04-21,4.0,46550.0,Young,8.655000000000001
772,473,Hassan,32.0,Male,India,Laptop,132000.0,10.0,2024-04-22,4.9,118800.0,Adult,16.78
773,474,Ayesha,27.0,Female,UK,Tablet,77000.0,12.0,2024-04-23,4.2,67760.0,Young,10.975999999999999
774,475,Imran,33.0,Male,Pakistan,Phone,54000.0,5.0,2024-04-24,4.3,51300.0,Adult,9.43
775,476,Zara,26.0,Female,India,Laptop,122000.0,10.0,2024-04-25,4.6,109800.0,Young,15.58
776,477,Kamran,28.0,Male,UK,Tablet,79000.0,15.0,2024-04-26,4.1,67150.0,Young,10.815
777,478,Hina,25.0,Female,Pakistan,Phone,50000.0,5.0,2024-04-27,4.3,47500.0,Young,9.05
778,479,Ali,30.0,Male,India,Laptop,127000.0,10.0,2024-04-28,4.8,114300.0,Adult,16.23
779,480,Sana,27.0,Female,UK,Tablet,76000.0,12.0,2024-04-29,4.2,66880.0,Young,10.888
780,481,Faisal,31.0,Male,Pakistan,Phone,52000.0,5.0,2024-04-30,4.0,49400.0,Adult,8.940000000000001
781,482,Mehak,26.0,Female,India,Laptop,121000.0,10.0,2024-05-01,4.7,108900.0,Young,15.59
782,483,Usama,29.0,Male,UK,Tablet,78000.0,15.0,2024-05-02,4.1,66300.0,Young,10.73
783,484,Noor,28.0,Female,Pakistan,Phone,49000.0,5.0,2024-05-03,4.0,46550.0,Young,8.655000000000001
784,485,Hassan,31.0,Male,India,Laptop,131000.0,10.0,2024-05-04,4.9,117900.0,Adult,16.689999999999998
785,486,Ayesha,27.0,Female,UK,Tablet,79000.0,12.0,2024-05-05,4.2,69520.0,Young,11.152000000000001
786,487,Imran,32.0,Male,Pakistan,Phone,52000.0,5.0,2024-05-06,4.3,49400.0,Adult,9.24
787,488,Zara,26.0,Female,India,Laptop,124000.0,10.0,2024-05-07,4.6,111600.0,Young,15.76
788,489,Kamran,28.0,Male,UK,Tablet,80000.0,15.0,2024-05-08,4.1,68000.0,Young,10.899999999999999
789,490,Hina,25.0,Female,Pakistan,Phone,50000.0,5.0,2024-05-09,4.3,47500.0,Young,9.05
790,491,Ali,33.0,Male,India,Laptop,129000.0,10.0,2024-05-10,4.8,116100.0,Adult,16.41
791,492,Sana,27.0,Female,UK,Tablet,76000.0,12.0,2024-05-11,4.2,66880.0,Young,10.888
792,493,Faisal,31.0,Male,Pakistan,Phone,53000.0,5.0,2024-05-12,4.0,50350.0,Adult,9.035
793,494,Mehak,26.0,Female,India,Laptop,121000.0,10.0,2024-05-13,4.7,108900.0,Young,15.59
794,495,Usama,28.0,Male,UK,Tablet,78000.0,15.0,2024-05-14,4.1,66300.0,Young,10.73
795,496,Noor,29.0,Female,Pakistan,Phone,84500.0,5.0,2024-05-15,4.0,80275.0,Young,12.0275
796,497,Hassan,32.0,Male,India,Laptop,132000.0,10.0,2024-05-16,4.9,118800.0,Adult,16.78
797,498,Ayesha,27.0,Female,UK,Tablet,77000.0,12.0,2024-05-17,4.2,67760.0,Young,10.975999999999999
798,499,Imran,33.0,Male,Pakistan,Phone,54000.0,5.0,2024-05-18,4.3,51300.0,Adult,9.43
799,500,Zara,26.0,Female,India,Laptop,122000.0,10.0,2024-05-19,4.6,109800.0,Young,15.58
800,501,Kamran,28.0,Male,UK,Tablet,79000.0,15.0,2024-05-20,4.1,67150.0,Young,10.815
801,502,Hina,25.0,Female,Pakistan,Phone,50000.0,5.0,2024-05-21,4.3,47500.0,Young,9.05
802,503,Ali,31.0,Male,India,Laptop,128000.0,10.0,2024-05-22,4.8,115200.0,Adult,16.32
803,504,Sana,27.0,Female,UK,Tablet,76000.0,12.0,2024-05-23,4.2,66880.0,Young,10.888
804,505,Faisal,30.0,Male,Pakistan,Phone,51000.0,5.0,2024-05-24,4.0,48450.0,Adult,8.844999999999999
805,506,Mehak,26.0,Female,India,Laptop,120000.0,10.0,2024-05-25,4.7,108000.0,Young,15.5
806,507,Usama,28.0,Male,UK,Tablet,78000.0,15.0,2024-05-26,4.1,66300.0,Young,10.73
807,508,Noor,29.0,Female,Pakistan,Phone,49000.0,5.0,2024-05-27,4.0,46550.0,Young,8.655000000000001
808,509,Hassan,31.0,Male,India,Laptop,130000.0,10.0,2024-05-28,4.9,117000.0,Adult,16.6
809,510,Ayesha,27.0,Female,UK,Tablet,79000.0,12.0,2024-05-29,4.2,69520.0,Young,11.152000000000001
810,511,Imran,32.0,Male,Pakistan,Phone,52000.0,5.0,2024-05-30,4.3,49400.0,Adult,9.24
811,512,Zara,26.0,Female,India,Laptop,124000.0,10.0,2024-05-31,4.6,111600.0,Young,15.76
812,513,Kamran,28.0,Male,UK,Tablet,80000.0,15.0,2024-06-01,4.1,68000.0,Young,10.899999999999999
813,514,Hina,25.0,Female,Pakistan,Phone,50000.0,5.0,2024-06-02,4.3,47500.0,Young,9.05
814,515,Ali,33.0,Male,India,Laptop,129000.0,10.0,2024-06-03,4.8,116100.0,Adult,16.41
815,516,Sana,27.0,Female,UK,Tablet,76000.0,12.0,2024-06-04,4.2,66880.0,Young,10.888
816,517,Faisal,31.0,Male,Pakistan,Phone,53000.0,5.0,2024-06-05,4.0,50350.0,Adult,9.035
817,518,Mehak,26.0,Female,India,Laptop,121000.0,10.0,2024-06-06,4.7,108900.0,Young,15.59
818,519,Usama,29.0,Male,UK,Tablet,78000.0,15.0,2024-06-07,4.1,66300.0,Young,10.73
819,520,Noor,28.0,Female,Pakistan,Phone,49000.0,5.0,2024-06-08,4.0,46550.0,Young,8.655000000000001
820,521,Hassan,32.0,Male,India,Laptop,132000.0,10.0,2024-06-09,4.9,118800.0,Adult,16.78
821,522,Ayesha,27.0,Female,UK,Tablet,77000.0,12.0,2024-06-10,4.2,67760.0,Young,10.975999999999999
822,523,Imran,33.0,Male,Pakistan,Phone,54000.0,5.0,2024-06-11,4.3,51300.0,Adult,9.43
823,524,Zara,26.0,Female,India,Laptop,122000.0,10.0,2024-06-12,4.6,109800.0,Young,15.58
824,525,Kamran,28.0,Male,UK,Tablet,84500.0,15.0,2024-06-13,4.1,71825.0,Young,11.282499999999999
825,526,Hina,25.0,Female,Pakistan,Phone,50000.0,5.0,2024-06-14,4.3,47500.0,Young,9.05
826,527,Ali,30.0,Male,India,Laptop,127000.0,10.0,2024-06-15,4.8,114300.0,Adult,16.23
827,528,Sana,27.0,Female,UK,Tablet,76000.0,12.0,2024-06-16,4.2,66880.0,Young,10.888
828,529,Faisal,31.0,Male,Pakistan,Phone,52000.0,5.0,2024-06-17,4.0,49400.0,Adult,8.940000000000001
829,530,Mehak,26.0,Female,India,Laptop,121000.0,10.0,2024-06-18,4.7,108900.0,Young,15.59
830,531,Usama,28.0,Male,UK,Tablet,78000.0,15.0,2024-06-19,4.1,66300.0,Young,10.73
831,532,Noor,29.0,Female,Pakistan,Phone,49000.0,5.0,2024-06-20,4.0,46550.0,Young,8.655000000000001
832,533,Hassan,31.0,Male,India,Laptop,131000.0,10.0,2024-06-21,4.9,117900.0,Adult,16.689999999999998
833,534,Ayesha,27.0,Female,UK,Tablet,79000.0,12.0,2024-06-22,4.2,69520.0,Young,11.152000000000001
834,535,Imran,32.0,Male,Pakistan,Phone,52000.0,5.0,2024-06-23,4.3,49400.0,Adult,9.24
835,536,Zara,26.0,Female,India,Laptop,124000.0,10.0,2024-06-24,4.6,111600.0,Young,15.76
836,537,Kamran,28.0,Male,UK,Tablet,80000.0,15.0,2024-06-25,4.1,68000.0,Young,10.899999999999999
837,538,Hina,25.0,Female,Pakistan,Phone,50000.0,5.0,2024-06-26,4.3,47500.0,Young,9.05
838,539,Ali,33.0,Male,India,Laptop,129000.0,10.0,2024-06-27,4.8,116100.0,Adult,16.41
839,540,Sana,27.0,Female,UK,Tablet,76000.0,12.0,2024-06-28,4.2,66880.0,Young,10.888
840,541,Faisal,31.0,Male,Pakistan,Phone,53000.0,5.0,2024-06-29,4.0,50350.0,Adult,9.035
841,542,Mehak,26.0,Female,India,Laptop,121000.0,10.0,2024-06-30,4.7,108900.0,Young,15.59
842,543,Usama,29.0,Male,UK,Tablet,78000.0,15.0,2024-07-01,4.1,66300.0,Young,10.73
843,544,Noor,28.0,Female,Pakistan,Phone,84500.0,5.0,2024-07-02,4.0,80275.0,Young,12.0275
844,545,Hassan,32.0,Male,India,Laptop,132000.0,10.0,2024-07-03,4.9,118800.0,Adult,16.78
845,546,Ayesha,27.0,Female,UK,Tablet,77000.0,12.0,2024-07-04,4.2,67760.0,Young,10.975999999999999
846,547,Imran,33.0,Male,Pakistan,Phone,54000.0,5.0,2024-07-05,4.3,51300.0,Adult,9.43
847,548,Zara,26.0,Female,India,Laptop,122000.0,10.0,2024-07-06,4.6,109800.0,Young,15.58
848,549,Kamran,28.0,Male,UK,Tablet,79000.0,15.0,2024-07-07,4.1,67150.0,Young,10.815
849,550,Hina,25.0,Female,Pakistan,Phone,50000.0,5.0,2024-07-08,4.3,47500.0,Young,9.05
850,551,Ali,31.0,Male,India,Laptop,128000.0,10.0,2024-07-09,4.8,115200.0,Adult,16.32
851,552,Sana,27.0,Female,UK,Tablet,76000.0,12.0,2024-07-10,4.2,66880.0,Young,10.888
852,553,Faisal,30.0,Male,Pakistan,Phone,51000.0,5.0,2024-07-11,4.0,48450.0,Adult,8.844999999999999
853,554,Mehak,26.0,Female,India,Laptop,120000.0,10.0,2024-07-12,4.7,108000.0,Young,15.5
854,555,Usama,28.0,Male,UK,Tablet,78000.0,15.0,2024-07-13,4.1,66300.0,Young,10.73
855,556,Noor,29.0,Female,Pakistan,Phone,49000.0,5.0,2024-07-14,4.0,46550.0,Young,8.655000000000001
856,557,Hassan,31.0,Male,India,Laptop,130000.0,10.0,2024-07-15,4.9,117000.0,Adult,16.6
857,558,Ayesha,27.0,Female,UK,Tablet,79000.0,12.0,2024-07-16,4.2,69520.0,Young,11.152000000000001
858,559,Imran,32.0,Male,Pakistan,Phone,52000.0,5.0,2024-07-17,4.3,49400.0,Adult,9.24
859,560,Zara,26.0,Female,India,Laptop,124000.0,10.0,2024-07-18,4.6,111600.0,Young,15.76
860,561,Kamran,28.0,Male,UK,Tablet,80000.0,15.0,2024-07-19,4.1,68000.0,Young,10.899999999999999
861,562,Hina,25.0,Female,Pakistan,Phone,50000.0,5.0,2024-07-20,4.3,47500.0,Young,9.05
862,563,Ali,33.0,Male,India,Laptop,129000.0,10.0,2024-07-21,4.8,116100.0,Adult,16.41
863,564,Sana,27.0,Female,UK,Tablet,76000.0,12.0,2024-07-22,4.2,66880.0,Young,10.888
864,565,Faisal,31.0,Male,Pakistan,Phone,53000.0,5.0,2024-07-23,4.0,50350.0,Adult,9.035
865,566,Mehak,26.0,Female,India,Laptop,121000.0,10.0,2024-07-24,4.7,108900.0,Young,15.59
866,567,Usama,28.0,Male,UK,Tablet,78000.0,15.0,2024-07-25,4.1,66300.0,Young,10.73
867,568,Noor,29.0,Female,Pakistan,Phone,49000.0,5.0,2024-07-26,4.0,46550.0,Young,8.655000000000001
868,569,Hassan,32.0,Male,India,Laptop,132000.0,10.0,2024-07-27,4.9,118800.0,Adult,16.78
869,570,Ayesha,27.0,Female,UK,Tablet,77000.0,12.0,2024-07-28,4.2,67760.0,Young,10.975999999999999
870,571,Imran,33.0,Male,Pakistan,Phone,54000.0,5.0,2024-07-29,4.3,51300.0,Adult,9.43
871,572,Zara,26.0,Female,India,Laptop,122000.0,10.0,2024-07-30,4.6,109800.0,Young,15.58
872,573,Kamran,28.0,Male,UK,Tablet,79000.0,15.0,2024-07-31,4.1,67150.0,Young,10.815
873,574,Hina,25.0,Female,Pakistan,Phone,50000.0,5.0,2024-08-01,4.3,47500.0,Young,9.05
874,575,Ali,30.0,Male,India,Laptop,127000.0,10.0,2024-08-02,4.8,114300.0,Adult,16.23
875,576,Sana,27.0,Female,UK,Tablet,76000.0,12.0,2024-08-03,4.2,66880.0,Young,10.888
876,577,Faisal,31.0,Male,Pakistan,Phone,52000.0,5.0,2024-08-04,4.0,49400.0,Adult,8.940000000000001
877,578,Mehak,26.0,Female,India,Laptop,121000.0,10.0,2024-08-05,4.7,108900.0,Young,15.59
878,579,Usama,28.0,Male,UK,Tablet,78000.0,15.0,2024-08-06,4.1,66300.0,Young,10.73
879,580,Noor,29.0,Female,Pakistan,Phone,49000.0,5.0,2024-08-07,4.0,46550.0,Young,8.655000000000001
880,581,Hassan,32.0,Male,India,Laptop,131000.0,10.0,2024-08-08,4.9,117900.0,Adult,16.689999999999998
881,582,Ayesha,27.0,Female,UK,Tablet,79000.0,12.0,2024-08-09,4.2,69520.0,Young,11.152000000000001
882,583,Imran,33.0,Male,Pakistan,Phone,54000.0,5.0,2024-08-10,4.3,51300.0,Adult,9.43
883,584,Zara,26.0,Female,India,Laptop,123000.0,10.0,2024-08-11,4.6,110700.0,Young,15.67
884,585,Kamran,28.0,Male,UK,Tablet,80000.0,15.0,2024-08-12,4.1,68000.0,Young,10.899999999999999
885,586,Hina,25.0,Female,Pakistan,Phone,50000.0,5.0,2024-08-13,4.3,47500.0,Young,9.05
886,587,Ali,31.0,Male,India,Laptop,128000.0,10.0,2024-08-14,4.8,115200.0,Adult,16.32
887,588,Sana,27.0,Female,UK,Tablet,76000.0,12.0,2024-08-15,4.2,66880.0,Young,10.888
888,589,Faisal,30.0,Male,Pakistan,Phone,51000.0,5.0,2024-08-16,4.0,48450.0,Adult,8.844999999999999
889,590,Mehak,26.0,Female,India,Laptop,120000.0,10.0,2024-08-17,4.7,108000.0,Young,15.5
890,591,Usama,28.0,Male,UK,Tablet,78000.0,15.0,2024-08-18,4.1,66300.0,Young,10.73
891,592,Noor,29.0,Female,Pakistan,Phone,84500.0,5.0,2024-08-19,4.0,80275.0,Young,12.0275
892,593,Hassan,31.0,Male,India,Laptop,130000.0,10.0,2024-08-20,4.9,117000.0,Adult,16.6
893,594,Ayesha,27.0,Female,UK,Tablet,79000.0,12.0,2024-08-21,4.2,69520.0,Young,11.152000000000001
894,595,Imran,32.0,Male,Pakistan,Phone,52000.0,5.0,2024-08-22,4.3,49400.0,Adult,9.24
895,596,Zara,26.0,Female,India,Laptop,124000.0,10.0,2024-08-23,4.6,111600.0,Young,15.76
896,597,Kamran,28.0,Male,UK,Tablet,80000.0,15.0,2024-08-24,4.1,68000.0,Young,10.899999999999999
897,598,Hina,25.0,Female,Pakistan,Phone,50000.0,5.0,2024-08-25,4.3,47500.0,Young,9.05
898,599,Ali,33.0,Male,India,Laptop,129000.0,10.0,2024-08-26,4.8,116100.0,Adult,16.41
899,600,Sana,27.0,Female,UK,Tablet,76000.0,12.0,2024-08-27,4.2,66880.0,Young,10.888
900,601,Faisal,31.0,Male,Pakistan,Phone,53000.0,5.0,2024-08-28,4.0,50350.0,Adult,9.035
901,602,Mehak,26.0,Female,India,Laptop,121000.0,10.0,2024-08-29,4.7,108900.0,Young,15.59
902,603,Usama,29.0,Male,UK,Tablet,78000.0,15.0,2024-08-30,4.1,66300.0,Young,10.73
903,604,Noor,28.0,Female,Pakistan,Phone,49000.0,5.0,2024-08-31,4.0,46550.0,Young,8.655000000000001
904,605,Hassan,32.0,Male,India,Laptop,132000.0,10.0,2024-09-01,4.9,118800.0,Adult,16.78
905,606,Ayesha,27.0,Female,UK,Tablet,77000.0,12.0,2024-09-02,4.2,67760.0,Young,10.975999999999999
906,607,Imran,33.0,Male,Pakistan,Phone,54000.0,5.0,2024-09-03,4.3,51300.0,Adult,9.43
907,608,Zara,26.0,Female,India,Laptop,122000.0,10.0,2024-09-04,4.40469387755102,109800.0,Young,15.38469387755102
908,609,Kamran,28.0,Male,UK,Tablet,79000.0,15.0,2024-09-05,4.1,67150.0,Young,10.815
909,610,Hina,25.0,Female,Pakistan,Phone,50000.0,5.0,2024-09-06,4.3,47500.0,Young,9.05
910,611,Ali,30.0,Male,India,Laptop,127000.0,10.0,2024-09-07,4.8,114300.0,Adult,16.23
911,612,Sana,27.0,Female,UK,Tablet,76000.0,12.0,2024-09-08,4.2,66880.0,Young,10.888
912,613,Faisal,31.0,Male,Pakistan,Phone,52000.0,5.0,2024-09-09,4.0,49400.0,Adult,8.940000000000001
913,614,Mehak,26.0,Female,India,Laptop,121000.0,10.0,2024-09-10,4.7,108900.0,Young,15.59
914,615,Usama,28.0,Male,UK,Tablet,78000.0,15.0,2024-09-11,4.1,66300.0,Young,10.73
915,616,Noor,29.0,Female,Pakistan,Phone,49000.0,5.0,2024-09-12,4.0,46550.0,Young,8.655000000000001
916,617,Hassan,31.0,Male,India,Laptop,131000.0,10.0,2024-09-13,4.9,117900.0,Adult,16.689999999999998
917,618,Ayesha,27.0,Female,UK,Tablet,79000.0,12.0,2024-09-14,4.2,69520.0,Young,11.152000000000001
918,619,Imran,32.0,Male,Pakistan,Phone,52000.0,5.0,2024-09-15,4.3,49400.0,Adult,9.24
919,620,Zara,26.0,Female,India,Laptop,124000.0,10.0,2024-09-16,4.6,111600.0,Young,15.76
920,621,Kamran,28.0,Male,UK,Tablet,80000.0,15.0,2024-09-17,4.1,68000.0,Young,10.899999999999999
921,622,Hina,25.0,Female,Pakistan,Phone,50000.0,5.0,2024-09-18,4.3,47500.0,Young,9.05
922,623,Ali,33.0,Male,India,Laptop,129000.0,10.0,2024-09-19,4.8,116100.0,Adult,16.41
923,624,Sana,27.0,Female,UK,Tablet,76000.0,12.0,2024-09-20,4.2,66880.0,Young,10.888
924,625,Faisal,31.0,Male,Pakistan,Phone,53000.0,5.0,2024-09-21,4.0,50350.0,Adult,9.035
925,626,Mehak,26.0,Female,India,Laptop,121000.0,10.0,2024-09-22,4.7,108900.0,Young,15.59
926,627,Usama,29.0,Male,UK,Tablet,78000.0,15.0,2024-09-23,4.1,66300.0,Young,10.73
927,628,Noor,28.0,Female,Pakistan,Phone,49000.0,5.0,2024-09-24,4.0,46550.0,Young,8.655000000000001
928,629,Hassan,32.0,Male,India,Laptop,132000.0,10.0,2024-09-25,4.9,118800.0,Adult,16.78
929,630,Ayesha,27.0,Female,UK,Tablet,77000.0,12.0,2024-09-26,4.2,67760.0,Young,10.975999999999999
930,631,Imran,33.0,Male,Pakistan,Phone,54000.0,5.0,2024-09-27,4.3,51300.0,Adult,9.43
931,632,Zara,26.0,Female,India,Laptop,122000.0,10.0,2024-09-28,4.6,109800.0,Young,15.58
932,633,Kamran,28.0,Male,UK,Tablet,79000.0,15.0,2024-09-29,4.1,67150.0,Young,10.815
933,634,Hina,25.0,Female,Pakistan,Phone,50000.0,5.0,2024-09-30,4.3,47500.0,Young,9.05
934,635,Ali,31.0,Male,India,Laptop,128000.0,10.0,2024-10-01,4.8,115200.0,Adult,16.32
935,636,Sana,27.0,Female,UK,Tablet,76000.0,12.0,2024-10-02,4.2,66880.0,Young,10.888
936,637,Faisal,30.0,Male,Pakistan,Phone,51000.0,5.0,2024-10-03,4.0,48450.0,Adult,8.844999999999999
937,638,Mehak,26.0,Female,India,Laptop,120000.0,10.0,2024-10-04,4.7,108000.0,Young,15.5
938,639,Usama,28.0,Male,UK,Tablet,78000.0,15.0,2024-10-05,4.1,66300.0,Young,10.73
939,640,Noor,29.0,Female,Pakistan,Phone,49000.0,5.0,2024-10-06,4.0,46550.0,Young,8.655000000000001
940,641,Hassan,31.0,Male,India,Laptop,130000.0,10.0,2024-10-07,4.9,117000.0,Adult,16.6
941,642,Ayesha,27.0,Female,UK,Tablet,79000.0,12.0,2024-10-08,4.2,69520.0,Young,11.152000000000001
942,643,Imran,32.0,Male,Pakistan,Phone,52000.0,5.0,2024-10-09,4.3,49400.0,Adult,9.24
943,644,Zara,26.0,Female,India,Laptop,124000.0,10.0,2024-10-10,4.6,111600.0,Young,15.76
944,645,Kamran,28.0,Male,UK,Tablet,80000.0,15.0,2024-10-11,4.1,68000.0,Young,10.899999999999999
945,646,Hina,25.0,Female,Pakistan,Phone,50000.0,5.0,2024-10-12,4.3,47500.0,Young,9.05
946,647,Ali,33.0,Male,India,Laptop,129000.0,10.0,2024-10-13,4.8,116100.0,Adult,16.41
947,648,Sana,27.0,Female,UK,Tablet,76000.0,12.0,2024-10-14,4.2,66880.0,Young,10.888
948,649,Faisal,31.0,Male,Pakistan,Phone,53000.0,5.0,2024-10-15,4.0,50350.0,Adult,9.035
949,650,Mehak,26.0,Female,India,Laptop,121000.0,10.0,2024-10-16,4.7,108900.0,Young,15.59
950,651,Usama,29.0,Male,UK,Tablet,78000.0,15.0,2024-10-17,4.1,66300.0,Young,10.73
951,652,Noor,28.0,Female,Pakistan,Phone,49000.0,5.0,2024-10-18,4.0,46550.0,Young,8.655000000000001
952,653,Hassan,32.0,Male,India,Laptop,132000.0,10.0,2024-10-19,4.9,118800.0,Adult,16.78
953,654,Ayesha,27.0,Female,UK,Tablet,77000.0,12.0,2024-10-20,4.2,67760.0,Young,10.975999999999999
954,655,Imran,33.0,Male,Pakistan,Phone,54000.0,5.0,2024-10-21,4.3,51300.0,Adult,9.43
955,656,Zara,26.0,Female,India,Laptop,122000.0,10.0,2024-10-22,4.6,109800.0,Young,15.58
956,657,Kamran,28.0,Male,UK,Tablet,79000.0,15.0,2024-10-23,4.1,67150.0,Young,10.815
957,658,Hina,25.0,Female,Pakistan,Phone,50000.0,5.0,2024-10-24,4.3,47500.0,Young,9.05
958,659,Ali,30.0,Male,India,Laptop,127000.0,10.0,2024-10-25,4.8,114300.0,Adult,16.23
959,660,Sana,27.0,Female,UK,Tablet,76000.0,12.0,2024-10-26,4.2,66880.0,Young,10.888
960,211,Saad,28.0,Male,Pakistan,Phone,60000.0,10.0,2023-08-12,4.3,54000.0,Young,9.7
961,212,Hina,26.0,Female,India,Laptop,125000.0,12.0,2023-08-15,4.7,110000.0,Young,15.7
962,213,Kamran,33.0,Male,UK,Tablet,82000.0,15.0,2023-08-18,4.0,69700.0,Adult,10.969999999999999
963,214,Maria,28.0,Female,Pakistan,Phone,55000.0,5.0,2023-08-20,3.8,52250.0,Young,9.024999999999999
964,215,Omar,29.0,Male,India,Laptop,84500.0,10.0,2023-08-22,4.6,76050.0,Young,12.205
965,216,Areeba,27.0,Female,UK,Tablet,75000.0,0.0,2023-08-25,4.1,75000.0,Young,11.6
966,217,Shahzaib,31.0,Male,Pakistan,Phone,95000.0,20.0,2023-08-27,4.9,76000.0,Adult,12.5
967,218,Laiba,25.0,Female,India,Laptop,118000.0,10.0,2023-08-29,5.0,106200.0,Young,15.62
968,219,Usama,30.0,Male,UK,Tablet,78000.0,15.0,2023-09-01,4.40469387755102,66300.0,Adult,11.034693877551021
969,220,Sonia,28.0,Female,Pakistan,Phone,52000.0,5.0,2023-09-03,4.2,49400.0,Young,9.14
970,221,Fahad,34.0,Male,India,Laptop,130000.0,12.0,2023-09-05,4.8,114400.0,Adult,16.24
971,222,Sara,26.0,Female,UK,Tablet,80000.0,10.0,2023-09-07,4.4,72000.0,Young,11.600000000000001
972,223,Ali,27.0,Male,Pakistan,Phone,61000.0,5.0,2023-09-10,4.0,57950.0,Young,9.795
973,224,Nimra,28.0,Female,India,Laptop,122000.0,15.0,2023-09-12,4.6,103700.0,Young,14.969999999999999
974,225,Hassan,32.0,Male,UK,Tablet,85000.0,10.0,2023-09-14,4.3,76500.0,Adult,11.95
975,226,Zoya,29.0,Female,Pakistan,Phone,58000.0,0.0,2023-09-16,4.1,58000.0,Young,9.899999999999999
976,227,Rehan,30.0,Male,India,Laptop,127000.0,12.0,2023-09-18,4.9,111760.0,Adult,16.076
977,228,Ayesha,28.0,Female,UK,Tablet,79000.0,15.0,2023-09-20,4.2,67150.0,Young,10.915
978,229,Imran,31.0,Male,Pakistan,Phone,84500.0,10.0,2023-09-22,4.0,76050.0,Adult,11.605
979,230,Maham,27.0,Female,India,Laptop,119000.0,10.0,2023-09-24,4.7,107100.0,Young,15.41
980,231,Usman,33.0,Male,UK,Tablet,86000.0,15.0,2023-09-26,4.5,73100.0,Adult,11.809999999999999
981,232,Noor,26.0,Female,Pakistan,Phone,54000.0,5.0,2023-09-28,3.9,51300.0,Young,9.03
982,233,Ahmed,30.0,Male,India,Laptop,123000.0,0.0,2023-09-30,4.6,123000.0,Adult,16.9
983,234,Sana,28.0,Female,UK,Tablet,77000.0,10.0,2023-10-02,4.3,69300.0,Young,11.23
984,235,Kamran,31.0,Male,Pakistan,Phone,92000.0,20.0,2023-10-04,4.8,73600.0,Adult,12.16
985,236,Hina,25.0,Female,India,Laptop,115000.0,12.0,2023-10-06,4.40469387755102,101200.0,Young,14.52469387755102
986,237,Omar,34.0,Male,UK,Tablet,88000.0,15.0,2023-10-08,4.4,74800.0,Adult,11.88
987,238,Laiba,27.0,Female,Pakistan,Phone,60000.0,5.0,2023-10-10,4.2,57000.0,Young,9.9
988,239,Fahad,32.0,Male,India,Laptop,128000.0,10.0,2023-10-12,4.9,115200.0,Adult,16.42
989,240,Sonia,29.0,Female,UK,Tablet,84500.0,15.0,2023-10-14,4.1,71825.0,Young,11.282499999999999
990,241,Saad,30.0,Male,Pakistan,Phone,65000.0,10.0,2023-10-16,4.3,58500.0,Adult,10.149999999999999
991,242,Zara,26.0,Female,India,Laptop,121000.0,12.0,2023-10-18,4.7,106480.0,Young,15.347999999999999
992,243,Usama,33.0,Male,UK,Tablet,84000.0,15.0,2023-10-20,4.5,71400.0,Adult,11.64
993,244,Maria,28.0,Female,Pakistan,Phone,57000.0,5.0,2023-10-22,4.0,54150.0,Young,9.415
994,245,Shahzaib,31.0,Male,India,Laptop,126000.0,10.0,2023-10-24,4.8,113400.0,Adult,16.14
995,246,Areeba,27.0,Female,UK,Tablet,81000.0,0.0,2023-10-26,4.2,81000.0,Young,12.3
996,247,Hassan,34.0,Male,Pakistan,Phone,94000.0,20.0,2023-10-28,4.9,75200.0,Adult,12.42
997,248,Nimra,26.0,Female,India,Laptop,117000.0,12.0,2023-10-30,4.6,102960.0,Young,14.895999999999999
998,249,Rehan,30.0,Male,UK,Tablet,87000.0,15.0,2023-11-01,4.4,73950.0,Adult,11.795
